"name","group","element","units","context","S478860","S478861","S478863","S478862","S478864","S478865","S478866","S478867","S478869","S478868","S478870","S478871","S478872","S478873","S478874","S478875","S478876","S478877","S478878","S478879","S478880","S478881","S478882","S478883","S478884","S478885","S478886","S478887","S478888","S478890","S478889","S478891","S478892","S478893","S478894","S478895","S478896","S478897","S478898","S478899","S478900","S478901","S478902","S478903","S478904","S478905","S478906","S478907","S478908","S478909","S478912","S478911","S478910","S478913","S478914","S478915","S478916","S478917","S478918","S478919","S478920","S478921","S478922","S478923","S478924","S478925","S478926","S478927","S478928","S478930","S478929","S478931","S478932","S478933","S478934","S478935","S478936","S478937","S478938","S478939","S478940","S478941","S478942","S478943","S478944","S478945","S478946","S478947","S478948"
AnalysisUnitName,,,,,,,,,,,,,,,,,,,,,,,,,,,,,,,,,,,,,,,,,,,,,,,,,,,,,,,,,,,,,,,,,,,,,,,,,,,,,,,,,,,,,,,,,,,,,
Depth,,,,,2,6,12,24,36,45.5,55,64,73.5,83,90,101.5,110.5,120,132.5,143,153.5,164,175,185,196,206.5,217,228,241,252,263,273.5,284.5,295.5,306.5,317,328,338.5,347,360,369,377,390,403,412,425,436,447.5,459,470,481,492,504,515,525.5,535,545,555,567.5,577,590,600,613,622.5,635,645,654.5,661,670,676.5,686,692.5,702,715,725,734.5,744,754,763,773,782.5,792,799,811,823.5,833,842.5,852.5,862,872,876.5,886,893
Thickness,,,,,,,,,,,,,,,,,,,,,,,,,,,,,,,,,,,,,,,,,,,,,,,,,,,,,,,,,,,,,,,,,,,,,,,,,,,,,,,,,,,,,,,,,,,,,
Sample Name,,,,,,,,,,,,,,,,,,,,,,,,,,,,,,,,,,,,,,,,,,,,,,,,,,,,,,,,,,,,,,,,,,,,,,,,,,,,,,,,,,,,,,,,,,,,,
Sample ID,,,,,478860,478861,478863,478862,478864,478865,478866,478867,478869,478868,478870,478871,478872,478873,478874,478875,478876,478877,478878,478879,478880,478881,478882,478883,478884,478885,478886,478887,478888,478890,478889,478891,478892,478893,478894,478895,478896,478897,478898,478899,478900,478901,478902,478903,478904,478905,478906,478907,478908,478909,478912,478911,478910,478913,478914,478915,478916,478917,478918,478919,478920,478921,478922,478923,478924,478925,478926,478927,478928,478930,478929,478931,478932,478933,478934,478935,478936,478937,478938,478939,478940,478941,478942,478943,478944,478945,478946,478947,478948
APD default,Radiocarbon years BP,,,,--/222.6/--,--/297.2182/--,--/409.1454/--,--/633/--,--/856.8546/--,--/1034.073/--,--/1165.927/--,--/1217.168/--,--/1271.255/--,--/1325.343/--,--/1365.197/--,--/1430.672/--,--/1481.912/--,--/1536/--,--/1587.415/--,--/1630.604/--,--/1673.792/--,--/1716.981/--,--/1762.226/--,--/1803.359/--,--/1848.604/--,--/1890.754/--,--/1932.386/--,--/1976/--,--/2027.544/--,--/2071.158/--,--/2114.772/--,--/2156.404/--,--/2200.018/--,--/2243.632/--,--/2287.246/--,--/2354.941/--,--/2480.471/--,--/2600.294/--,--/2697.294/--,--/2845.647/--,--/2948.353/--,--/3039.647/--,--/3188/--,--/3366.829/--,--/3490.634/--,--/3669.463/--,--/3820.781/--,--/3978.976/--,--/4143.35/--,--/4303.73/--,--/4464.11/--,--/4624.49/--,--/4799.45/--,--/4959.83/--,--/5112.92/--,--/5251.43/--,--/5397.23/--,--/5566.32/--,--/5831.75/--,--/6033.477/--,--/6309.523/--,--/6521.867/--,--/6797.914/--,--/6999.641/--,--/7265.07/--,--/7477.414/--,--/7679.141/--,--/7817.164/--,--/8008.273/--,--/8146.297/--,--/8292.076/--,--/8374.152/--,--/8494.11/--,--/8658.263/--,--/8784.534/--,--/8904.491/--,--/9024.449/--,--/9150.721/--,--/9264.364/--,--/9390.636/--,--/9510.593/--,--/9630.551/--,--/9751/--,--/10159/--,--/10389.13/--,--/10494.33/--,--/10599.53/--,--/10710.27/--,--/10815.47/--,--/10926.21/--,--/10976.04/--,--/11081.24/--,--/11158.76/--
Calibrated age (2),Calibrated radiocarbon years BP,,,,--/230.8333/--,--/299.5/--,--/402.5/--,--/608.5/--,--/814.5/--,--/977.5833/--,--/1093.13/--,--/1140.674/--,--/1190.859/--,--/1241.043/--,--/1278.022/--,--/1338.772/--,--/1386.315/--,--/1436.5/--,--/1493.182/--,--/1540.796/--,--/1588.409/--,--/1636.022/--,--/1685.902/--,--/1731.248/--,--/1781.129/--,--/1828.561/--,--/1875.904/--,--/1925.5/--,--/1984.114/--,--/2033.711/--,--/2083.307/--,--/2130.649/--,--/2180.246/--,--/2229.842/--,--/2279.438/--,--/2361.418/--,--/2519.876/--,--/2671.131/--,--/2793.575/--,--/2980.843/--,--/3110.49/--,--/3225.732/--,--/3413/--,--/3665.496/--,--/3840.301/--,--/4092.797/--,--/4306.447/--,--/4529.809/--,--/4734.663/--,--/4921.167/--,--/5107.672/--,--/5294.178/--,--/5497.638/--,--/5684.143/--,--/5862.17/--,--/6023.243/--,--/6192.792/--,--/6382.393/--,--/6665.938/--,--/6881.432/--,--/7176.318/--,--/7403.154/--,--/7698.041/--,--/7913.535/--,--/8197.08/--,--/8423.916/--,--/8639.41/--,--/8786.854/--,--/8991.006/--,--/9138.449/--,--/9306.038/--,--/9405.576/--,--/9551.055/--,--/9750.132/--,--/9903.267/--,--/10048.75/--,--/10194.22/--,--/10347.36/--,--/10485.18/--,--/10638.32/--,--/10783.8/--,--/10929.28/--,--/11106.89/--,--/11853.97/--,--/12210.31/--,--/12330.24/--,--/12450.16/--,--/12576.41/--,--/12696.34/--,--/12822.58/--,--/12879.39/--,--/12999.32/--,--/13087.68/--
Calibrated age (1),Calibrated radiocarbon years BP,,,,--/247.8519/--,--/313.3333/--,--/411.5555/--,--/608/--,--/804.4445/--,--/959.963/--,--/1072.899/--,--/1124.42/--,--/1178.804/--,--/1233.188/--,--/1273.261/--,--/1339.094/--,--/1390.616/--,--/1445/--,--/1500.818/--,--/1547.704/--,--/1594.591/--,--/1641.478/--,--/1690.598/--,--/1735.252/--,--/1784.371/--,--/1828.952/--,--/1872.379/--,--/1917.875/--,--/1971.643/--,--/2017.138/--,--/2062.634/--,--/2106.062/--,--/2151.557/--,--/2197.053/--,--/2242.548/--,--/2323.68/--,--/2487.673/--,--/2644.212/--,--/2770.935/--,--/2964.745/--,--/3098.922/--,--/3218.189/--,--/3412/--,--/3641.561/--,--/3800.488/--,--/4030.049/--,--/4224.292/--,--/4427.366/--,--/4633.3/--,--/4831.74/--,--/5030.18/--,--/5228.62/--,--/5445.1/--,--/5643.54/--,--/5832.96/--,--/6004.34/--,--/6184.74/--,--/6379.889/--,--/6658.063/--,--/6869.475/--,--/7158.775/--,--/7381.314/--,--/7670.615/--,--/7882.027/--,--/8160.201/--,--/8382.74/--,--/8594.152/--,--/8738.803/--,--/8939.088/--,--/9083.738/--,--/9255.078/--,--/9359.657/--,--/9512.502/--,--/9721.659/--,--/9882.549/--,--/10035.39/--,--/10188.24/--,--/10349.13/--,--/10493.93/--,--/10654.82/--,--/10807.67/--,--/10960.51/--,--/11138.66/--,--/11855.91/--,--/12200.59/--,--/12318.61/--,--/12436.63/--,--/12560.86/--,--/12678.87/--,--/12803.1/--,--/12859/--,--/12977.02/--,--/13063.98/--
Acacia,TRSH,pollen,NISP,,,,1,1,,2,,,2,,,,1,1,1,2,1,,1,1,,,,,,,,1,,1,,,,,,1,,2,2,,,,,,,,,,,,,,,1,,1,,,,,,,,,,,,,,,,,,,,,,,,,1,,,,,,,,
Acalypha cf. A. crenata,UPHE,pollen,NISP,,,,,,1,,,,,5,2,,,,,,1,,,2,1,,1,1,1,2,2,,1,2,,3,,6,4,8,5,4,8,8,6,6,,1,3,4,3,2,,2,1,3,3,4,3,7,6,,4,,3,,,,4,,2,,,,,,,,,,,,,,,,,,,,,,
Acanthaceae,UPHE,pollen,NISP,,,,1,1,,,,,,,,1,,1,,,,1,,,1,,,,,,,,,,,,,,1,,2,,,2,,1,,,,1,,,,,,1,,,,1,1,,,,,,,,,,,,,1,,,,,,,,,,,,,,,,,,,
Adansonia digitata,TRSH,pollen,NISP,,,,,2,,,,,,,,,,,,,,,,,,,,,,,,,,,,,,,,,,,,,,,,,,,,,,,,,,,,,,,,,,,,,,,,,,,,,,,,,,,,,,,,,,,,,
Adenia,TRSH,pollen,NISP,,,,,,,,1,,,,,,,,,,,,,,,,,,,,,,,,,,,,,,,,,,4,,,,,1,,3,,2,3,,3,1,1,3,1,,1,,1,2,5,3,9,3,8,3,8,6,3,12,6,2,4,5,6,4,3,3,4,2,,,,,,,
Adina,TRSH,pollen,NISP,,,,,,,,,,,,,,,,,,,,,,,,,,,,,,,,,,1,,,,,,,,,,,,,,,,,,,,,,,,,,,,,,,,2,1,,,,,,,,,,,,,,,,,,,,,,,
Afraegle,TRSH,pollen,NISP,,,,,,,,,,,,,,,,,,,,,,,,,,,,,,,,,,,,,,,,,,,,,,,,,,,,1,,,,,,,,,,,,,,,,,,,,,,,,,,,,,,,,,,,,,,
Afzelia cf. A. africana,TRSH,pollen,NISP,,,,,,,,,,,,,,,,,,,,,,,,,,,,,,,,,,,,,,,,,,,,,,,,,,,,1,,,,,,,,,,,,,,,,,,,,,,,,,,,,,,,,,,,,,,
Alchornea,TRSH,pollen,NISP,,,,1,,2,2,2,2,1,,1,,,,,3,,,,,,,,,,1,1,,,1,,1,1,,,2,3,6,2,1,,4,2,7,,3,8,1,2,4,4,4,4,3,6,1,3,3,5,3,7,7,4,14,12,5,5,16,13,8,12,13,10,8,6,3,1,4,,1,,,,,,,,,
Allophylus,TRSH,pollen,NISP,,,,,,,,,,,,,,,,,,,,,,,,,,,,,,,,,,,,,,,,,,,,1,,,,1,,,,,1,,,1,,,,,,1,,,1,,,,,,,,,1,,,,,1,,,,,,,,,,,
Amaranthaceae,UPHE,pollen,NISP,,6,3,9,12,8,24,27,21,14,8,15,11,15,10,6,5,15,16,19,12,11,5,16,16,8,8,10,5,8,9,1,6,11,10,5,9,10,6,12,7,6,10,3,5,4,1,4,1,,4,2,,4,3,1,2,1,,1,,,1,1,,,2,2,2,1,1,1,2,3,3,3,4,,7,1,3,12,15,5,,5,57,34,2,1
Anacardiaceae,TRSH,pollen,NISP,,,,,,,,,,,,,,,,,,,,,,,,,,,,,,,,,,,,,,,,,,,,,,,,,,,,,,,,,,,,,,,,,,,,,,,,,,,,,,1,,,,,,,,,,,,
Annonaceae,TRSH,pollen,NISP,,,,,,,,,,1,,,3,,,,,,,,,,,1,1,1,,1,,,,,1,1,1,,,,,,,,,,1,,,,,,,,,,,,,,,,,,,,,,,,1,,1,1,,,,,,,2,,2,,3,,,,,,,
Antidesma,TRSH,pollen,NISP,,,,,,,,,1,,,,,,,,,,,,,,,,,,,,,,,,,,,,,,,,1,,,,,,,,,,,,,,,,,1,,1,,,,,1,1,1,,,,,,2,,,,,,,,,,,,,,,,,
Apiaceae,UPHE,pollen,NISP,,,,,,,,,,,,,,,,,,,,,,,,,,,,,,,1,,,,,,,,,,,,,,,,,,,,,,,,,,,,,,,,,1,,,,,,,,,,,,,,,1,,,,,,,,,,,
Apocynaceae,UPHE,pollen,NISP,,,,,,,,,,,,,,,,,1,,,,,,,,,,,,,,,,,,,,,,,,,,,,,,,,,,1,,,,,,,,,,,,,,,,1,,,,,,,,,,,1,,,,,,,,,,,,
Araliaceae,UPHE,pollen,NISP,,,,,,,,,,,,,,,,,,,,,,,,,,,,,,,,,,,,,,,,,1,,,3,,,,,,,,,,,,,,,,,,,,,1,,,,,,,,,,,,,,,,,,,,,,,,,
Arecaceae,PALM,pollen,NISP,,,,,,,,,,,,,,,,,,,,,1,,,,,,,,,,,,,,,,,,,,,1,,,,,,,,,,,,,,,,,,,,,,1,,,2,,,,,,,,,,,,,,,,,,,,,,,3
Artemisia,UPHE,pollen,NISP,,,,,,,,,,,,,,,,,,,,,,,,,1,,,,,,1,,,1,,,,,,,1,,,,,,,,,,,,,,,,,,,,,,,,,1,,,,,,,,,1,,,,,,,,,,,,,,,
Asteraceae,UPHE,pollen,NISP,,2,,5,12,29,27,10,16,12,9,7,14,8,7,9,9,10,5,3,6,9,9,6,11,9,11,13,14,14,6,4,2,13,15,7,3,7,5,3,6,7,3,1,2,,2,2,1,2,1,3,1,3,,,2,2,,,,1,,2,3,4,9,2,5,2,6,2,6,5,4,4,5,7,5,8,,2,1,,,,5,,,
Balanites,TRSH,pollen,NISP,,1,,1,,2,2,1,3,2,1,,,1,1,1,1,,1,,,,,,,,,,,,3,2,,,,,,,,,2,,,,,,,,,,,,,,,,,,,,,,,,,,,,,,,,,,,,,,,,,,,,,,,,,
Blepharis,TRSH,pollen,NISP,,,,,,,,,,,,,,,1,,,,,,,,,,,,,,,,,,,,,,,,,,,,,,,,,,,,,,,,,,,,,,,,,,,,,,,,,,,,,,,,,,,,,,,,,,,
Blighia,TRSH,pollen,NISP,,,,,,,,,,,,,,,,,,,,,,,,,,,,,,,,,,,,,,,,,,,,,,,,,,,,,,,,,,,,,,,,,,,,,,,,,1,,,,,,,,,,,,,,,,,
Bombax,TRSH,pollen,NISP,,,,,,,,,3,,1,2,,,,,,1,,,1,,,,2,,1,,,,,,,,1,,,,,,,,,,,,,,,,,,,,,1,1,,,,,,,,,,,,,,,,,,,,,,,,,,,,,,,,,
Boraginaceae,UPHE,pollen,NISP,,,,,,,,,,,,,,,,,,,,,,,,,,,,,1,,,,,,,,,,,,,,,,,,,,,,,,,,,,,,,,,,,,,,,,,,,,,,,,,,,,,,,,,,,,,
Borassus/Hyphaene,PALM,pollen,NISP,,5,,,,,,,,,,2,,,,1,,2,1,1,,1,,,,,,,,,1,,,,,1,,,1,,,,,,,,,,,,,,,,,,,,,,,,,,,,,1,,,,,,,,,,,,,,,,,,,,,,
Boswellia,TRSH,pollen,NISP,,,,,,,,,,,,,,,1,,,,,,,,,,,,,,,,,,1,,,1,,,2,3,,1,,,2,,1,,,,,,,,,,,,,,,,,,,,,,,,,,2,1,,,2,,,1,1,,,,,,,,,
Brassicaceae,UPHE,pollen,NISP,,,,,,,,,,,,,,,,,,,,,,,,1,,1,,,1,,,,,,,1,1,,,,,,,,,,,,,,,,,,,,,,,,,,,,,,,,,,,,,,,,,,,,,,,,,,,,,
Bridelia,TRSH,pollen,NISP,,,,,,,,1,,,,1,,,,,,,2,1,,,,1,,,,1,2,1,,,,2,1,1,,1,,,,2,,1,,,,,,,1,,2,,1,1,1,,1,,,,,,,1,1,2,,1,,,1,,,2,1,,,,,,,,,,,,,
Burkea africana,TRSH,pollen,NISP,,,,,,,,,,1,,,,1,,,,,1,1,1,,,,,2,,,,,,,,2,,3,1,1,,1,,,1,3,2,2,1,3,1,4,3,2,3,3,2,3,2,4,5,3,2,8,8,8,9,9,16,14,6,8,6,5,2,2,2,1,3,3,,1,,,,,,,,,,
Butyrospermum,TRSH,pollen,NISP,,,,2,,,,,,1,,3,,,3,,,1,4,,1,1,,,,,,,,,1,,2,,2,2,1,,2,3,3,6,2,,3,2,,3,,2,,,,1,,,,,,,,2,3,,3,,,1,,2,,,,,,,,,,,,,,,,,,,,
Caesalpinioideae,TRSH,pollen,NISP,,,,,,1,,1,1,,1,,,1,,,1,,1,,,,1,1,1,,1,,,2,1,,,,,,,1,,,,2,1,,,,1,,3,,1,1,,2,2,,,1,1,,1,1,2,1,,1,2,,,1,1,,1,1,,,,2,,2,1,,,,,,,,,
Capparaceae,TRSH,pollen,NISP,,,,,,1,,,,,1,,1,,,,,,,,,,,1,1,,,,,,,,1,,,,,,,,,,,,,,,,,,,,,,,,,1,,,,,,,,,,,,,,,,,,,,,,,,,,,,,,,,
Caryophyllaceae,UPHE,pollen,NISP,,,,,,,,,,,,,,,,,,,,,,,,,,2,,,,,,,,,,,,,,,,,,,,,,,,,,,,,,,,,,,,,,,,,,,,,,,,,,,,,,,,,,,,,1,,,
Cassia,TRSH,pollen,NISP,,,,1,,2,,,1,1,1,1,,,1,,1,,,1,,,2,1,,1,1,1,3,1,,,,,,,,3,1,6,,2,2,2,2,,1,,1,1,,,,,1,1,1,,,,,1,,,1,1,,,2,,2,,,2,1,1,1,1,,1,1,1,1,,,,,,,
Celastraceae,TRSH,pollen,NISP,,,,,,,,,,,,,,,,,,,,,,,,,,,,,,,,,,,,,,,,,,,,,,,,,,,,,,,,,,,,,,,2,,,1,,,,,,,,,,,,,,,,,,,,,,,,
Celtis,TRSH,pollen,NISP,,,1,5,4,7,1,5,6,5,4,3,2,4,1,3,1,,3,3,4,5,1,3,2,2,6,6,3,3,6,2,8,,6,10,13,8,16,25,23,39,21,5,9,6,,3,9,1,7,5,,7,8,2,7,7,,1,5,2,,7,,8,9,2,,2,,1,1,2,4,1,2,,1,,,1,,,,,,,,
Centaurea,UPHE,pollen,NISP,,,,,,,,,,,,,,,,,,,,,,,,,,,,,,,,,,,,,,,,,,,,,,,,,1,,1,,,,,,,,,,,,,,,,,,,,,,,,,,,,,,,,,,,,,,,
Chrozophora,UPHE,pollen,NISP,,,,,,,,,,,1,1,,,,,,,,,,,,,,,4,,,,,,,1,,,1,,,,,,,,,,,,,,,,,,,,,,,,,,,,,,,,,,,,,,,,,,,,,,,,,,,,,
Cichorieae,UPHE,pollen,NISP,,,,3,,,,,,2,,,,,,,,,,,,,1,,,1,1,,,,,,,,,,,,,,,,,,,,,,,,,,,,,,,,,,,,,,,,,,,,,,,,,,,,,,,,,,20,6,,1,1,
Cissampelos cf. C. mucronata,TRSH,pollen,NISP,,,,,,,,,,,,,,1,,,,,,,,1,,,,,,,,,,,1,,,,,,1,,,,,,,,,,,,,,,,,,,,,,,,,,,,,,,,1,,,,,,,,,,,,,,,,,,,
Cissus,TRSH,pollen,NISP,,,,,,,,1,,,,,,,1,2,2,,1,,,,,,1,,,1,2,,,1,,,4,,,,,,,,1,,1,,,,,,,,,,1,,1,,,1,,,,,,,,,,,,2,,,,,,,,,,,,,,,,,,
Clematis,UPHE,pollen,NISP,,,,,,1,1,,1,,,,,,,,,1,,,1,1,,,,1,,,,1,,,,,,,,1,,,1,,,,,3,1,1,,,,,,2,,,,,,1,,1,,,1,1,,1,2,,1,,1,1,,,,,2,1,,,,,,,,,,
Clerodendrum,TRSH,pollen,NISP,,,,,,,,,,,,,,,,,,,,,,,,,,,,,,,,,,,,,,,,,,,,,,,,,,,,,,,,,1,,,,,,,,,,,,,,,,,,,,,,,,,,,,,,,,,
Cochlospermum,TRSH,pollen,NISP,,,,,1,,,,,3,,,,,,2,,,,,,2,,1,,,,,,,,,,,,,,,,,,,,,,,,,,,,,,,,,,,,,,,1,1,,,,,,,,,,,,,,,,,,,,,,,,,,
Cola cf. C. cordifolia,TRSH,pollen,NISP,,,,,,,,,,,,,,,,,,,,,,,,,,,,,,,,,,,,,,,,,,,,,,,,,,,,,,,,,,,,,,,,,,1,,1,,2,,1,1,5,,,1,,,,,,,,,,,,,
Combretaceae,TRSH,pollen,NISP,,3,3,16,7,12,13,11,15,5,5,6,10,9,10,11,7,11,6,8,10,12,10,8,10,3,4,14,6,9,3,7,13,10,20,10,19,23,14,19,15,10,15,13,23,18,18,7,16,8,14,5,10,9,14,10,17,17,6,6,15,17,17,5,9,17,18,16,18,10,12,17,30,28,16,23,7,20,16,13,13,20,8,,,,,,,
Commelinaceae,UPHE,pollen,NISP,,,,,,,,,,,,,,,,,,,,,,,,,,,1,,,,1,,,,,1,,,1,,,1,,,,,,,,,,,,,,,,,,,,,,,,,,1,,,1,,,,,,,,1,,,,,,,,,,,
Commiphora,TRSH,pollen,NISP,,,,,,,,,,,1,,1,,1,,1,,2,1,,,,,,,,,,2,,,,,,,,,,,,1,,,,,,,,,,,,,,,,,,,,,,,,,,,,,,,,,,,,,,,,,,,,,,,,
Convolvulaceae,UPHE,pollen,NISP,,1,,,,1,,,,,,,,,,,,,,,,,,,,1,,,,,,,,,,,,,,,1,,,,,,,,,,,,,,,,,,,,,,,,,,,,,,,,,,,,,,,,,,,,,,,,,
Corchorus,UPHE,pollen,NISP,,,,,,,,,,,,,,1,,,,,,,,,,,,,,,,,,,,,,,,,,,,,,1,,,,1,,,,,,,,,,,,,,,,,,,1,,,,,1,,,,,,,,,,,,,,,,1,,
Cordia,TRSH,pollen,NISP,,,,,,,,,,,,,,,,,,,,1,,,,,,,,,,,,,,,,,,,,,,,,,,,,,,,,,,,,,,,,,,,1,,,,,,,,,,,,,,,,,,,,,,,,,,,
Crossopteryx febrifuga,TRSH,pollen,NISP,,1,,3,1,,,,,,,1,,,,1,1,,,,1,1,,,,,,,1,,,1,2,,2,1,,2,1,,1,,,1,1,1,1,,,2,1,1,,1,,,1,1,1,,,1,,,,1,3,,,,1,1,8,2,2,4,1,,1,,1,,1,,,,,,,
Croton,TRSH,pollen,NISP,,,,,,,,,,,,,,,,,,,,,,,,,,,,,,,,,,,,,,,,,,,,,,,,,,,,,2,,,,,,1,,,,,,,,,,,,,,,,,,,,,,,,,,,,,,,
Cucumis,UPHE,pollen,NISP,,,,,,,,,,1,,,,,,,,,,,,,,,,,,,,,,,,,,,,,,,,,,,,,,,,,,,,,,,,,,,,,,,,,,,,,,,,,,,,,,,,,,,,,,,,
Cucurbitaceae,UPHE,pollen,NISP,,,,,,,,,,,,,,,,,,,,,,,,,1,,,,,,,,,,,,,,,,,,,,,,,,,,,,,,,,,,,,,1,,,,,,,,,,,,,,,,,,,,,,,,,,,,
Cussonia,TRSH,pollen,NISP,,,,1,,,,,,,,,,,,,,,,,,,,,,,,1,,,,,1,2,,1,1,,1,,,,,,,,1,,,,,1,1,,,,,3,,1,1,5,8,7,5,2,11,20,4,5,4,1,1,4,,1,8,4,8,4,1,1,,,,,,1,,
Cyperaceae,UPHE,pollen,NISP,,683,205,62,46,79,77,45,87,64,72,57,104,74,60,72,41,64,79,32,46,82,44,51,53,44,22,29,85,41,34,48,42,38,77,52,56,62,59,91,61,49,63,99,88,90,70,60,84,71,72,94,69,84,58,59,90,98,59,92,89,63,68,74,65,53,43,50,70,68,71,83,75,67,73,95,94,96,97,103,109,50,112,29,11,11,49,48,50,19
Detarium,TRSH,pollen,NISP,,,,,,,,,,,,,,,,,,,,1,,,,,,,,,1,,,,1,,1,,,,,1,,1,,,,,,1,1,,1,,,,,,,,,1,2,1,1,1,,,3,1,,,,,1,,,,,,,,,,,,,,,,,
Diospyros,TRSH,pollen,NISP,,,,,,,2,1,,,1,,,2,,1,,,,,,,,,1,1,,1,,1,,1,,,2,,,3,,,2,1,1,1,,1,2,3,3,,5,1,1,2,1,,1,1,,1,2,,,2,1,3,4,4,7,5,,4,4,4,1,2,,,,,1,,,,,,,,,
Dombeya cf. D. buetnerii,TRSH,pollen,NISP,,,,,,,,,,,,,,,,,,,,,,,,,,,,,,,,,,,,,,,,,,,,,,,,,,,,,,,,,,,,,,,,,,,,,,,1,,2,1,,,,,,,,1,,,,,,,,
Elaeis guineensis,PALM,pollen,NISP,,,,,,,,,,1,1,,,1,,,,,1,,,,,,,2,,,,,,,,1,1,1,1,,,,,,,,,,,,,,,,,,,,,,,1,1,,,1,,,,,,,,3,,1,1,,,,,1,,,,,,,,,,2
Entada,TRSH,pollen,NISP,,,,,,,,,1,,1,1,1,1,,,,1,,,,,,,,,,,,,,,,,,,,,,,,,,,1,1,,,,,,,,,,,,,,,,,,,,,,,,,,,,,,,,,,,,,,,,,,,,
Ephedra,TRSH,pollen,NISP,,,,1,,,1,,,,,,,,,,,,,,,,,,,,,,1,,,,,,,,,,,,,,,1,,,,,,,,,,,,,,,,,,,,,,,,,,,,,,,,,,,,,,,,,,,,,,
Ericaceae,TRSH,pollen,NISP,,,,,,,,,,,,,,,,,,,,,,,,,,,,,,,,,,,,,,,,,,,,,,,,,,,,,,1,,,,,,,,,,,,,,,,,,,,,,,,,,,,,,,,,,,,
Erythrina,TRSH,pollen,NISP,,,,,,,,,,,,,,,,,,,,,,1,,,,,,,,,,,,,,,,,,,,,,,,,,,,,,,,,,1,,,,,,,,,,,,,,,,,,,,,,,,,,,,,,,,,,
Euphorbiaceae,UPHE,pollen,NISP,,1,,,2,1,,,1,4,2,,3,1,,2,2,6,,4,,2,1,,1,1,1,,4,,,2,1,2,,,,2,,1,2,,2,1,3,1,1,1,1,,2,2,,,,1,,2,,1,1,2,,,3,1,,2,,,1,2,,,,,4,1,,1,,,1,,,,,,,
Faboideae,UPHE,pollen,NISP,,2,1,1,4,,3,1,2,3,5,1,3,1,1,1,1,1,6,1,2,4,3,2,4,6,5,1,2,,2,1,3,2,2,1,1,4,3,3,,2,1,2,2,,2,3,3,3,2,2,2,2,3,5,3,3,5,,,3,2,2,5,2,1,2,2,2,6,1,,5,6,3,2,2,3,1,3,,,,,,,,,2
Ficus,TRSH,pollen,NISP,,,,,,1,,1,,1,,1,1,1,,,,,,1,,1,,2,,1,,2,,,,3,3,,6,,7,8,3,,2,,,,1,,,,,2,2,1,3,1,1,2,2,,3,,,,3,,5,2,5,2,11,3,2,3,4,1,3,4,3,1,,,,,1,,,,,,,
Grewia,TRSH,pollen,NISP,,,,,,,,,,,,1,,,,,,,,,1,,,,,,,,,1,,,,,,,1,,,,,,,,,,,,,,,,,,,,,1,,,,2,,,,1,,,,,,,1,1,1,,,1,,,1,1,1,,,,,,,
Heliotropium,UPHE,pollen,NISP,,,,,,,,,,,,,,,,,1,,,,,,,,,,,,,,,,,,,,,,,,,,,,,,,,,,,,,,1,,,,,,,,,,,,,,,,,,,,,,,,,,,,,,,,,,,
Hygrophila,AQVP,pollen,NISP,,,,,,,,,,,,,,,,,,,,,,,,,,,,,,,,,,,,,,,,,,,,,,,,,,,,,,,,,,1,,,,,,,,,,,,,,,,,,,1,,,,,,,,,,,,,
Hymenocardia,TRSH,pollen,NISP,,1,6,1,3,3,5,4,1,,3,1,1,4,3,4,2,3,4,7,2,,1,1,1,,,2,2,1,3,1,2,,3,1,1,2,4,3,3,1,2,9,6,5,6,1,4,7,7,8,9,13,16,10,12,10,7,10,11,13,12,12,6,6,11,3,9,1,,,,,,1,,,,,,,,,,,,,,
Indeterminable,UNID,pollen/spore,NISP,,3,,4,7,9,6,4,2,3,10,5,10,6,4,8,3,10,9,6,3,9,6,5,4,8,5,4,7,8,14,7,9,8,4,12,13,9,7,10,8,11,6,8,12,8,8,14,9,8,14,9,8,19,31,2,24,18,7,7,8,16,5,2,6,9,12,12,9,8,3,11,11,6,8,6,6,4,7,2,5,2,15,16,19,10,18,9,10,19
Indigofera,TRSH,pollen,NISP,,,,,,,2,,1,,,,,,,,,,,,1,,,,,1,2,,,,1,,,,1,,,5,,,2,2,,1,1,1,,1,,1,1,,,,,,1,,,,,,,,,1,,,2,,,,,,2,,,,,,,,,,,,,,,
Ipomoea,UPHE,pollen,NISP,,,,,,,,,,,,,,,,,,,,,,,,,,,,,,,,,,,,,,,,,,,,,,,,,,,,,,,,,,,,,,,,,,,,,,,,,,,1,,,,,,,,,,,,,,,
Irvingiaceae,TRSH,pollen,NISP,,,,,,,,,,,,,,,,,,,,,,,,,,,,,,,,,,,,,,,,,,,,,,,,,,1,,,1,,,,,1,,1,,,1,,,,1,,,,,1,,,,,,,,,,,,,,,,,,
Isoberlinia,TRSH,pollen,NISP,,1,,,3,,2,1,1,,2,1,1,,1,2,,1,2,4,1,,,,,1,,1,1,2,,,,,1,2,2,1,1,5,2,,,3,2,2,3,,,1,,,,,,,,,,,,,,,,,,,,,,,,,,,,,,,,,,,,,,,,
Ixora,TRSH,pollen,NISP,,,,,,,,,,,,,,,,,,,,,,,,,,,,,,,,,,,,1,,1,,,,,,,,,1,,,1,2,3,4,7,5,1,8,7,3,1,2,7,2,3,1,10,16,7,10,9,,2,10,5,,3,3,3,,2,,,,,,,,,,
Justicia,UPHE,pollen,NISP,,,,,,,,,,,,,,,,,,,,1,,,1,,,,2,1,,,3,,,,,,,,,,,,,,,,,,,,,,,,,,,,,,,,,,,,2,,,,,,1,,,,,,,,,,,,,,,1,,
Khaya,TRSH,pollen,NISP,,,,,,,,,,2,,,1,,,,,,,,,1,,,,,,,1,,1,,,,1,,2,1,,2,,1,,,,,,,,,2,,,1,,2,,1,,1,,1,,1,6,4,1,1,,,,1,,,,,1,,,,,1,,,,,,,,
Kohautia,TRSH,pollen,NISP,,,,,1,1,,1,,1,,,1,,1,,,2,,1,,1,,,,,1,,,,,,,,,,,,,,1,,,,,,,,,,,,,,,,,,,,,1,,,,,,,,,,,,,,,,1,,,,,,,,,,,,
Lamiaceae,UPHE,pollen,NISP,,1,,,,,,,,1,,,1,,,,,1,,,,,,,1,,1,,,,,,,1,1,,1,,1,,1,,,2,,,,,,,,,,1,1,,,,,,,,1,1,1,,1,,2,2,,,,,,2,,,2,1,,,,,,,,,,
Lannea/Sclerocarya,TRSH,pollen,NISP,,,1,3,,9,3,1,,2,2,1,3,2,7,4,5,12,8,5,9,21,1,2,,2,3,4,4,,2,1,3,6,12,16,7,3,12,8,5,1,2,8,5,4,1,1,,5,4,3,,1,2,4,4,1,1,1,3,5,1,2,2,1,11,,4,2,1,3,4,2,4,,3,5,2,1,2,8,,,,,,,,
Liliaceae,UPHE,pollen,NISP,,,,,,1,,,,1,,,,1,1,,,1,,,,,,,1,1,,,,,,,1,,,2,,,,,,,,,,,,,,,1,3,,1,1,1,,,,,,,,,,,,,,,,,,,,,,,,,,1,,,,,,,,
Lobelia,UPHE,pollen,NISP,,,,,,,,,,,,,,,,,,,,,,,,,,,,,,,,,,,,,,,,,,,,,,,,,,,,,,,1,,,,,,,,,,,,,,,,,,,,,,,,,,,,,,,,,,,
Lophira,TRSH,pollen,NISP,,,,,1,1,,,1,,,,,,,,,,,,,,,,,,1,,,,,,1,,,,,,,,,,,,,,2,1,3,1,,1,3,4,2,2,1,1,3,3,2,,2,,,,,1,,,1,1,,1,,1,,,,,,,,,,,,,,
Lythraceae,UPHE,pollen,NISP,,,,,,,,,,,,,,,,,,,,,,,1,,,,,,,,,,1,,,,,,,,,1,,,,,,,,,,,,,,,,,,,,,,,,,,,,,,,,,,1,,,,,,,,,,,,,,
Macaranga,TRSH,pollen,NISP,,,,,,1,4,,,,,1,,,,1,2,,2,,,,1,,,1,,,,,,,,,,,,1,,2,,,,,1,,1,,3,1,,,1,,1,,1,4,2,,1,1,1,5,5,7,2,1,2,3,4,1,4,3,5,,,1,,,,,,,,,,,,
Maerua,TRSH,pollen,NISP,,,,,,,,,,,,,,,,,,,,,,,,3,,,,,,,,,,,,,,,,,,,,,,,,,,,,,,,,,,,,,,,,,,,,,,,,,,,,,,,,,,,,,,,,,,
Mallotus,TRSH,pollen,NISP,,,,,,,,,,,1,,,,,1,2,,1,,,,,,,1,,,,,,1,,,3,,,,,,,,,3,,,1,,,2,6,1,5,5,6,1,4,4,2,4,4,6,10,3,3,4,3,6,5,8,1,3,2,7,2,5,1,1,,,,,,,,,,,,
Malvaceae,UPHE,pollen,NISP,,,,,,,,,,,,,,,,,,,,,,,,,,,,,,,,,,,,,,,,,,,,,,,,,,,,,,,,1,,,,,,,,,,,,,1,,,,,,,,,,,,1,,,,,,,,,
Manilkara,TRSH,pollen,NISP,,,,,,,,,,,,,,,,,,,,,,,,,,,,,,,,,,,,,1,,,,,,,,,,,,,,,,,,,,,,,,,,,,,,,,,,,,,,,,,,,,,,,,,,,,,
Menispermaceae,UPHE,pollen,NISP,,,,,,,,,,1,1,,,,,,,,,,,1,,,,1,,,2,,,,,,,,,,,,,,,,,,,,,,,1,,,,,,,,,,2,,1,,,1,,2,,,,,,,,1,,,,1,,,,,,,,,
Mitracarpus hirtus,UPHE,pollen,NISP,,2,,3,1,2,2,,,4,1,,2,,,,1,1,,1,1,,1,3,1,,3,2,4,2,2,,,1,1,4,2,,2,,1,1,2,,1,,,,,,,,,,,,,,,1,,,,,,1,,,,,,,,,,,,,,,,,1,,,,,,,
Mitragyna,TRSH,pollen,NISP,,,,,1,,,,,,,,,,,,,,,,,,,,,,,,,,,,1,,,,,2,,,,,1,,,,,1,,,1,,,,,,,1,,,,,,,,,1,,,,,,,,,,,,,,,,,,,,,,,
Monocotyledoneae,SEED,pollen,NISP,,2,1,1,,1,1,,,,1,,,,,,,1,,,,,2,,,,,,,,,,2,,,,,,,3,1,2,,,1,,,,,1,,1,,,1,,,,1,1,,,1,1,1,,,1,,,,,,,2,,,,,,1,1,1,,1,,,,,1
Monoletes,PTER,spore,NISP,,,,,,1,1,,,1,1,1,,,,,1,1,,2,,,,,,,1,1,,1,1,1,,1,,,,1,,,,,,,,1,3,7,1,3,1,,2,5,1,3,1,3,4,2,,4,9,8,11,5,14,9,9,10,16,20,12,14,14,5,10,2,2,5,1,,,,,,,,4,6
Monotes lutambensis,TRSH,pollen,NISP,,,,,,,,,,,,,,,,,,1,,,,,,,,,,,,,,,,1,2,1,,3,7,3,,,1,2,5,,1,2,1,3,1,3,2,1,,1,,,,,,1,,,,,,,,,,,,,,,,,,,,,,,,,,,,
Moraceae,TRSH,pollen,NISP,,,,,,,,,,,,,1,,,,,,,,,1,1,,,,,,,,,,,,,1,,,,,,,,,,,,,,,,,,,1,,1,,2,1,,1,,,,,,,2,,,1,,,,1,,,,,,,,,,,,,,
Morelia senegalensis,TRSH,pollen,NISP,,,,,,,,,,,,,,,,,,,,,,,,,,,,,,,,,1,,1,,,,,,,,,,,1,,,,,,,,1,1,,,,,,,,,,1,,,,1,,,,,,,,,,,,,,,,,,,,,
Mussaenda,TRSH,pollen,NISP,,,,,,,,,,,,,,,,,,,,,,,,,,,,,,,,,,,,,,,,,,,,,,,,,,,,,,,,,,,,,,,,,,,,,,1,,,,,,,,,,,,,,,,,,,,
Nauclea,TRSH,pollen,NISP,,,,,1,3,2,2,,2,,,1,1,1,2,1,4,3,2,,2,,,,1,,1,,,,,,1,2,2,2,1,2,2,,3,1,,2,,,1,,1,,2,1,1,2,1,3,1,,1,,1,2,1,,1,1,,,1,,,,,1,,4,,,,,,,,,,,,,
Nymphaea,AQVP,pollen,NISP,,,,,,,1,,,,,,,,,,,,1,,,,,,,,,,,,,,,,,,3,,,1,,,,3,6,,,,2,,,,,,,,1,1,,,,1,,,,1,,,1,,,,,,,,,,,,,1,1,,,,,,,
Olea capensis subsp. hochstetteri,TRSH,pollen,NISP,,,,,,,,,,,,,,,,,,,1,,,,2,,,,,,,,,1,,,,,,1,,1,1,,1,6,2,,3,2,1,3,3,4,4,7,4,3,6,9,4,3,4,8,5,10,6,11,16,33,41,65,44,92,68,99,112,121,108,95,26,63,4,7,4,,,,,2,5,
Parkia,TRSH,pollen,NISP,,,,,,,,,,,,,,1,,,,,,,,,,,,,,,1,,,,,,,,,,,,,,,,,,,,,,,,,,,,,,,,,,,,,,,,,,,,,,,,,,,,,,,,,,,,,
Paullinia pinnata,TRSH,pollen,NISP,,,,,,,,,,,,,,,,1,1,,1,,,,,,,,,1,,,,,,,,,,,,1,,,,,,,,1,,,,,,,,2,,1,1,,4,1,2,,,6,,,,,,,,,1,,1,,,,,,,,,,,,,
Persicaria cf. P. senegalensis,UPHE,pollen,NISP,,,,,,,,,1,,,,,,,,,,,,,,,,,,,,,,,,,2,,,,,,,,1,,,,,,,,,,,,,,,,,,,,,,,,,,,,,,,,,,,,,,,,3,,,,,,,,
Phoenix cf. P. reclinata,PALM,pollen,NISP,,,,,,,,,1,,,,,1,,,,1,,,,,,,,,,,,,,,,,,,,,1,1,,,,1,,,1,,,,1,1,2,,,,,,1,,,,,1,,1,2,3,1,2,2,4,20,7,5,2,,,,,,,,,,,,,,
Phyllanthus,UPHE,pollen,NISP,,,,,,,,,,,,,,,,,,,,,,,,,,,,,,,,,,,,,,,,,1,,,,,,,,,,,,,,,,,,,,,,,,,1,,,,,,,,,,,,,,,,,,,,,,,,
Piliostigma,TRSH,pollen,NISP,,,,,,1,,,,1,,,,,,,,,,,,,,,,,,,,,,,,,,1,,,,,,,,,,,,,,,,,1,,,,,,1,,,,,,,,,,,,,,,,1,1,,1,,,,1,,,,,,,,
Pinus,TRSH,pollen,NISP,,2,,,,,,,,,,,,,,,,,,,,,,,,,,,,,,,,,,,,,,,,,,,,,,,,,,,,,,,,,,,,,,,,,,,,,,,,,,,,,,,,,,,,,,,,
Poaceae,UPHE,pollen,NISP,,1112,506,239,1044,863,532,685,536,697,547,699,543,668,680,814,635,732,793,741,615,851,826,891,708,746,747,686,746,728,730,673,741,786,552,695,678,561,660,728,541,704,677,502,655,682,501,630,597,430,611,551,481,555,570,445,607,520,429,660,622,510,607,459,427,477,560,467,422,587,420,405,495,527,478,596,577,560,510,627,640,745,613,135,84,142,843,461,463,403
Podocarpus,TRSH,pollen,NISP,,,,,,,,,,,,,,,,,,,1,,,,,,1,,1,,,,,,,,1,,,,2,,1,2,,1,1,,,,,1,,,,,1,,1,,1,,,,,,,,,,,,,,,,,,,,,,,,,,,,,,1,1
Polycarpaea,UPHE,pollen,NISP,,,,2,,,,,,,,,,1,,2,,,,,,,,,1,,,,,,1,,,,,,,,,,,,,,,1,,,,,,,,,,,,,,,,,,,,1,1,2,,,,1,,,,,,,,,,,,,,,,,,
Polygonaceae,UPHE,pollen,NISP,,,,,,,1,,,,,,,,1,,,,,,,,1,,,,,1,,,1,,,,1,,,,,,,,,,,,,,,,,,,,,,,,,,,,,,,,,,,,,,,,,,,,,,,,,,,,,,,
Prosopis,TRSH,pollen,NISP,,,,,,,,,,,,,,,,,,,,,,,,,,,,,,,,,,,,,,,,,,,,1,,,,,,,,,,,,1,,,,,,,,,,,,,,,,,,,,,,,,,1,,,,,,,,,
Pterocarpus,TRSH,pollen,NISP,,,,,,,,,,,,,,,,,,,,,,,,,,,,,,,,,,,,,,,,,,,1,,,,,,,,,,,1,,,,,,,,,,,,1,,3,,,,,,,,,,1,,,,,,,,,,,,
Raphia,PALM,pollen,NISP,,,,,,,,,,,,,,,,,,,,,,,,,,,,,,,,,,,,,,,,,,,,,,,,,,,,,,,,,,,,,,,,,,2,,,,,,,,,,,,,,,,,,,,,,,,
Rhus,TRSH,pollen,NISP,,,,,,,,,,,,,,,,,,,,1,,,,,,,,,,,,,,,,,,,,,,,,,,,,,,,,,,1,,,1,,,,,,,,,,,,,,,,,,,,,,,,,,,,,,,,,
Rubiaceae,TRSH,pollen,NISP,,,,,,,,,,,2,,,1,,1,,,,,,,,,,1,,2,,,,,,2,,,1,2,,1,5,,,3,,,,,,1,,2,,,,,1,3,,1,,,,,2,,1,,3,,,,,,,,,,,,,,,,,,,,,
Rutaceae,TRSH,pollen,NISP,,,,,,,,,,,,,,,,,,,,,,,,,,,,,,,,,,,,,,,,,,,,,,,,,,,,,,,,,,,,,,,,,,,,,,,,,,,1,,,,,,,,,,,,,,,
Salix cf. S. ledermanii,TRSH,pollen,NISP,,,,,,,,,,,,,,,,,,,,,,,,,,,,,,,,,,,,,,,,,,,,,,,,,,,,,,,,,,,,,,,,,,,,,,,1,,2,1,,,,,,,,,,,,,,,,
Salvadora,TRSH,pollen,NISP,,,,,,1,2,3,,,,,,,1,,,1,,,,,,,,,,,,,,,2,1,,,,,,1,,,,,,,,,,1,,,,,,,,,,,,,,,,,,,,1,,,,,,,,,,,,,,,,,,,,
Sapindaceae,TRSH,pollen,NISP,,,,,,,,,,,2,,,,,,,1,,,,,,,,,,,,,,,,,,,,,,,,,,,,,,,,,,,,,,,,,,,,,,,,,,,,,,,,,,,,,,,,,,,,,,,,
Securinega virosa,TRSH,pollen,NISP,,,,,,2,4,3,4,3,2,1,5,2,1,3,,4,2,2,2,2,1,3,2,2,4,1,,3,8,1,1,3,1,1,3,,3,2,,,1,,1,,,,,2,,,,,1,1,,,1,,,1,,,,1,1,,,,1,,,,,,,,,,,,,,,,,,,
Solanum,UPHE,pollen,NISP,,,,1,,2,,,,,,,,,,,,,,,,,,1,,,,,,,,,,,,,,,,,,1,,,1,,,1,,,,,,,,,,,,,,1,,,,,,,,,,,,,,,,,,,,,,,,,,,,
Spermacoce,UPHE,pollen,NISP,,1,2,,,,,,,1,,1,,,,1,,1,,,,,,,1,,1,1,1,,,,,,3,3,2,1,,2,1,4,,1,2,,1,5,,1,2,2,3,3,2,1,3,,,3,7,5,3,11,1,,4,3,2,1,2,2,1,1,,,,,,,,,,,,,,,,
Sterculia,TRSH,pollen,NISP,,,,,,,,,,,,,,,,,,,,,,,,,,,,,,,,,,,,,,,,,,,,1,1,,,,,,,,,,,,,,,,,,,,,,,,,,,,,,,,,,,,,,,,,,,,,
Strychnos,TRSH,pollen,NISP,,,,,,,,,,,,,,,,,,,,,,,,,,,,,,,,,,,,,,,,,,,,,,,,,,,,,,,1,,,,,,,,,,,,,,,,,,,,,,,,,,,,,,,,,,,
Syzygium,TRSH,pollen,NISP,,,,,,,,2,,,,,,,1,,1,,,,,,,,,,,,,,,,2,,1,2,,2,2,1,,3,3,,3,1,1,,,2,6,,1,4,5,3,3,4,1,1,3,3,2,2,2,5,4,1,3,3,3,1,4,4,2,,2,3,2,2,2,,1,,,,,,,
Tacazzea apiculata,UPHE,pollen,NISP,,,,,,,1,,,,,,,,,,,,,,,,,,,,,,,,,,,,,,,,,,,,,,1,1,,,,,,,,1,,,,,,,,,,,,,,,,,,,,,,,,,,,,,,,,,,,,
Talinum,UPHE,pollen,NISP,,,,,,,,,,,,1,,,,,,,,,,,,,,,,,,,,,,,,,,,,,,,,,,,,,,,,,,,,,,,,,,,,,,,,,,,,,,,,,,,,,,,,,,,,,,
Tapinanthus,TRSH,pollen,NISP,,,,,,,,,,,,,,,,,,,,,,,,,,,,,,,,1,,,,,,,,,,,,,,,,,,,,,,,,,,,,,,,,,,,,,,,,,,,,,,,,,,,,,,,,,,
Thunbergia,UPHE,pollen,NISP,,,,,,,,,,,,,,,,,,,,,,,,,,,,,,,,,,,,,,,,,,,,,,,,,,,,,,,,,,,,,,,,,,,,,,,,2,,1,,,1,,,,,,,,,,,,,
Thymelaeaceae,UPHE,pollen,NISP,,,,,,,,,,,,,,,,,,,,,,,,,,,,,,,,,,,,,,,,,,,,,,,,,,,,,,,,,,,,,,,,,,,,,,,1,1,,,,,,,,,,,,,,,,,,
Trema orientalis,TRSH,pollen,NISP,,,1,1,,,,,1,,2,,2,2,1,,,,,1,,2,1,,,,,,,,1,,1,,,,,,,2,,2,,,,,,,,,,,,,,,,,,,,,,,,,,,,,,,,,,,,,,,,,,,,,,,,
Triletes,PTER,spore,NISP,,,2,,1,,2,1,2,1,1,2,2,2,1,5,1,3,1,1,1,1,1,1,,1,,1,1,2,2,,1,1,2,,4,2,5,2,3,1,4,2,2,3,5,,4,1,3,7,3,6,4,2,2,2,4,2,5,3,3,3,1,3,5,1,,5,1,5,2,3,3,8,9,4,1,5,,1,4,,,,1,11,14,27
Typha,AQVP,pollen,NISP,,77,37,197,46,29,69,7,7,4,6,2,1,5,3,6,6,19,6,4,42,1,2,2,23,2,3,2,3,,1,3,3,4,6,7,1,2,2,2,5,3,1,8,3,3,2,3,2,,,2,,1,,2,,,3,,2,2,,1,,1,,1,,,1,,3,1,3,2,,5,11,19,16,40,22,1,9,3,,6,8,4
Uapaca,TRSH,pollen,NISP,,,,,,,,,,,,,,,,,,,,,1,2,,,,,,,,,,,,1,1,,,,1,1,2,,2,15,19,49,58,64,96,87,137,155,188,210,157,169,158,149,103,125,99,143,182,121,102,166,120,117,118,110,84,104,63,46,17,12,10,4,6,5,2,,3,,,,,,,
Urticaceae,UPHE,pollen,NISP,,,,,,,,,,,,,,,,,1,,,,,,2,,1,,,1,,,,,3,1,,,1,,,,,,,,,,,,,,1,,,,,1,,,,,,,,1,,,,,,,,,,,,,,,,,,,,,,,,,,
Vernonia,UPHE,pollen,NISP,,1,,1,1,,,,,,,,,,,2,,,,,,,,,,,,,,1,,,,,,,1,,,,,,,,,,,,,,,,,,,,,,,,,,,,,,1,,,,,,,,,,,,,,,,,,,,,,,
Vitaceae,TRSH,pollen,NISP,,,,,,,1,,2,,,,,,,1,,3,1,,,,,,,,,,,,,,,,,,,,,,,,,,,,,,,,,,,,,,,,,,,,2,,,,,1,,,,,,,,,,3,1,,,,,,,,,,,
Vitex,TRSH,pollen,NISP,,,,,,,,,,,,,,,,,,,,,,,,,,,,,,,,1,,,,,,,,,1,,,1,,,,,,,,,,,,,,,,,,,,,,,,,,,,,,,,,,,,,,,,,,,,,,
Ximenia americana,TRSH,pollen,NISP,,,,,,,,,,,,,,,,1,,,,1,,1,,,,1,,,,1,,,,,,,1,,,,,,,,,,,,,,,,,,,,,,,1,,1,,,,,,,,,,,,,,,,,,,,,,,,,,,,
Ziziphus,TRSH,pollen,NISP,,,,,,3,,,,,1,,,,,,,,,,,,,,,,,,,,,,,,,,,,,,,1,,,,,,,,,,,1,,,,,1,,,,,,,,,,,,,,,,,,,,,,,,,,,,,,,,
cf. Dialium,TRSH,pollen,NISP,,,,,,,,,,1,1,,,1,,,,,,,,,,,,1,,1,,,,,1,1,1,1,,1,1,,,,2,3,,,2,1,1,,,,,,,1,,1,1,,,,,1,,,,,,,,,,,,,,,,,,,,,,,,,,
cf. Scrophulariaceae,UPHE,pollen,NISP,,,,,,1,2,,,1,1,,,1,,1,,1,,,,2,1,3,,1,,,,,,2,,,3,4,5,3,2,4,3,9,1,,,1,2,,,1,2,1,1,2,1,,2,,,1,1,1,,1,,,,,,,,,1,,1,,3,,2,,,,1,,,,,,,