"name","group","element","units","context","S321733","S321734","S321735","S321736","S321737","S321738","S321739","S321740","S321741","S321742","S321743","S321744","S321745","S321746","S321747","S321748","S321749","S321750","S321751","S321752","S321753","S321754","S321755","S321756","S321757","S321758","S321759","S321760","S321761","S321762","S321763","S321764","S321765","S321766","S321767","S321768","S321769","S321770","S321771","S321772","S321773","S321774","S321775","S321776","S321777","S321778","S321779","S321780","S321781","S321782","S321783","S321784","S321785","S321786","S321787","S321788","S321789","S321790","S321791","S321792","S321793","S321794","S321795","S321796","S321797","S321798","S321799","S321800","S321801","S321802","S321803","S321804","S321805","S321806","S321807","S321808","S321809","S321810","S321811","S321812","S321813","S321814","S321815","S321816","S321817","S321818","S321819","S321820","S321821","S321822","S321823","S321824","S321825","S321826","S321827","S321828","S321829","S321830","S321831","S321832","S321833","S321834","S321835","S321836","S321837","S321838","S321839","S321840","S321841","S321842","S321843","S321844","S321845","S321846","S321847","S321848","S321849","S321850","S321851","S321852","S321853","S321854","S321855","S321856","S321857","S321858","S321859","S321860","S321861","S321862","S321863","S321864","S321865","S321866","S321867","S321868","S321869","S321870","S321871","S321872","S321873","S321874","S321875","S321876","S321877","S321878","S321879","S321880","S321881","S321882","S321883","S321884","S321885","S321886","S321887","S321888","S321889","S321890","S321891","S321892","S321893","S321894","S321895","S321896","S321897","S321898","S321899","S321900","S321901","S321902","S321903","S321904","S321905","S321906","S321907"
AnalysisUnitName,,,,,,,,,,,,,,,,,,,,,,,,,,,,,,,,,,,,,,,,,,,,,,,,,,,,,,,,,,,,,,,,,,,,,,,,,,,,,,,,,,,,,,,,,,,,,,,,,,,,,,,,,,,,,,,,,,,,,,,,,,,,,,,,,,,,,,,,,,,,,,,,,,,,,,,,,,,,,,,,,,,,,,,,,,,,,,,,,,,
Depth,,,,,10.5,20.5,30.5,40.5,50.5,60.5,70.5,80.5,90.5,100.5,110.5,120.5,130.5,140.5,150.5,160.5,170.5,180.5000001,190.5,200.5,210.5,220.5,230.5,240.5,250.5,260.5,270.5,280.5,290.5,300.5,310.5,320.5,330.5,340.5,350.5,360.5,370.5,380.5,390.5,400.5,410.5,420.5,430.5,440.5,450.5,460.5,470.5,480.5,490.5,500.5,510.5,520.5,530.5,540.5,550.5,560.5,570.5,580.5,590.5,600.5,610.5,620.5,630.5,640.5,650.5,660.5,670.5,680.5,690.5,695.5,700.5,705.5,710.5,715.5,720.5,725.5,730.5,735.5,740.5,745.5,750.5,755.5,760.5,765.5,770.5,775.5,780.5,786.5,790.5,795.5,800.5,810.5,820.5,830.5,840.5,850.5,860.5,870.5,880.5,890.5,900.5,910.5,920.5,930.5,940.5,950.5,960.5,970.5,980.5,990.5,1000.5,1010.5,1020.5,1030.5,1040.5,1050.5,1060.5,1070.5,1080.5,1090.5,1100.5,1110.5,1120.5,1130.5,1140.5,1150.5,1160.5,1170.5,1175.5,1180.5,1185.5,1190.5,1195.5,1199.5,1204.5,1209.5,1215.5,1219.5,1224.5,1229.5,1235.5,1239.5,1245.5,1249.5,1252.1,1269.1,1275,1281,1286.8,1290.5,1294.9,1297.8,1301.4,1305.1,1309.5,1312.4,1316.8,1321.8,1325,1331,1337,1343,1349,1355,1359,1363.5,1368,1372.5,1377,1382.5,1388,1393.5,1399,1404.5,1410
Thickness,,,,,,,,,,,,,,,,,,,,,,,,,,,,,,,,,,,,,,,,,,,,,,,,,,,,,,,,,,,,,,,,,,,,,,,,,,,,,,,,,,,,,,,,,,,,,,,,,,,,,,,,,,,,,,,,,,,,,,,,,,,,,,,,,,,,,,,,,,,,,,,,,,,,,,,,,,,,,,,,,,,,,,,,,,,,,,,,,,,
Sample Name,,,,,,,,,,,,,,,,,,,,,,,,,,,,,,,,,,,,,,,,,,,,,,,,,,,,,,,,,,,,,,,,,,,,,,,,,,,,,,,,,,,,,,,,,,,,,,,,,,,,,,,,,,,,,,,,,,,,,,,,,,,,,,,,,,,,,,,,,,,,,,,,,,,,,,,,,,,,,,,,,,,,,,,,,,,,,,,,,,,
Sample ID,,,,,321733,321734,321735,321736,321737,321738,321739,321740,321741,321742,321743,321744,321745,321746,321747,321748,321749,321750,321751,321752,321753,321754,321755,321756,321757,321758,321759,321760,321761,321762,321763,321764,321765,321766,321767,321768,321769,321770,321771,321772,321773,321774,321775,321776,321777,321778,321779,321780,321781,321782,321783,321784,321785,321786,321787,321788,321789,321790,321791,321792,321793,321794,321795,321796,321797,321798,321799,321800,321801,321802,321803,321804,321805,321806,321807,321808,321809,321810,321811,321812,321813,321814,321815,321816,321817,321818,321819,321820,321821,321822,321823,321824,321825,321826,321827,321828,321829,321830,321831,321832,321833,321834,321835,321836,321837,321838,321839,321840,321841,321842,321843,321844,321845,321846,321847,321848,321849,321850,321851,321852,321853,321854,321855,321856,321857,321858,321859,321860,321861,321862,321863,321864,321865,321866,321867,321868,321869,321870,321871,321872,321873,321874,321875,321876,321877,321878,321879,321880,321881,321882,321883,321884,321885,321886,321887,321888,321889,321890,321891,321892,321893,321894,321895,321896,321897,321898,321899,321900,321901,321902,321903,321904,321905,321906,321907
LÃ©zine et al. 2013,Calibrated radiocarbon years BP,,,,--/-1/--,--/52/--,--/106/--,--/159/--,--/213/--,--/266/--,--/320/--,--/373/--,--/426/--,--/480/--,--/533/--,--/587/--,--/640/--,--/693/--,--/747/--,--/800/--,--/854/--,--/907/--,--/960/--,--/1015/--,--/1080/--,--/1145/--,--/1210/--,--/1275/--,--/1341/--,--/1406/--,--/1471/--,--/1536/--,--/1601/--,--/1665/--,--/1720/--,--/1776/--,--/1831/--,--/1886/--,--/1942/--,--/1997/--,--/2052/--,--/2107/--,--/2163/--,--/2214/--,--/2227/--,--/2239/--,--/2252/--,--/2265/--,--/2278/--,--/2291/--,--/2303/--,--/2316/--,--/2329/--,--/2343/--,--/2369/--,--/2395/--,--/2421/--,--/2446/--,--/2472/--,--/2498/--,--/2524/--,--/2550/--,--/2576/--,--/2607/--,--/2688/--,--/2768/--,--/2849/--,--/2930/--,--/3011/--,--/3091/--,--/3172/--,--/3253/--,--/3333/--,--/3374/--,--/3435/--,--/3580/--,--/3724/--,--/3869/--,--/4014/--,--/4159/--,--/4303/--,--/4448/--,--/4593/--,--/4738/--,--/4882/--,--/5027/--,--/5172/--,--/5317/--,--/5461/--,--/5606/--,--/5751/--,--/5925/--,--/6040/--,--/6185/--,--/6319/--,--/6497/--,--/6676/--,--/6854/--,--/7032/--,--/7211/--,--/7389/--,--/7568/--,--/7746/--,--/7924/--,--/8095/--,--/8194/--,--/8293/--,--/8392/--,--/8491/--,--/8590/--,--/8689/--,--/8788/--,--/8887/--,--/8986/--,--/9100/--,--/9348/--,--/9596/--,--/9843/--,--/10091/--,--/10339/--,--/10587/--,--/10835/--,--/11083/--,--/11331/--,--/11572/--,--/11757/--,--/11942/--,--/12126/--,--/12311/--,--/12495/--,--/12680/--,--/12864/--,--/12957/--,--/13049/--,--/13141/--,--/13233/--,--/13326/--,--/13603/--,--/13722/--,--/13842/--,--/13985/--,--/14081/--,--/14201/--,--/14320/--,--/14464/--,--/14560/--,--/14703/--,--/14799/--,--/14900/--,--/15497/--,--/15707/--,--/15916/--,--/16115/--,--/16235/--,--/16378/--,--/16474/--,--/16594/--,--/16713/--,--/16857/--,--/16953/--,--/17096/--,--/17192/--,--/17219/--,--/17432/--,--/17645/--,--/17858/--,--/18071/--,--/18167/--,--/18437/--,--/18590/--,--/18743/--,--/18896/--,--/19049/--,--/19226/--,--/19402/--,--/19579/--,--/19756/--,--/19932/--,--/20109/--
Acacia,TRSH,pollen,NISP,,,,,,,,,,,,,,,,,,,,,,,,,,,,,,,,,,,,,,,,,,,,,,,,,,,,,,,,,,,,,,,,,,,,,,,,,,,,,,,,,,,,,,,,,,,,,,,,,,,,,,,,,,,,,,,,,,,,,,,,,,,,,,,,,,,,,,,,,,,,,,,,,,,,,1,,,,,,,,,,,,,,,,,,,,,,,,,,,
Acalypha,UPHE,pollen,NISP,,,,,,,,1,1,,,2,,,,,,1,2,7,,1,,2,,2,,,1,,,,,1,,,1,1,1,,,,2,,,1,,,,,,,2,,,,,1,,,,3,,,,,,,1,,,,,,,,,,2,,,,,,1,,2,,,1,,,,,,,,,,,1,,4,1,2,,,,2,1,,,2,1,1,1,8,2,,1,2,5,2,7,,2,5,3,3,2,2,1,2,1,,,,3,,,4,2,,,1,1,,,,1,1,,,,,,,,1,,,,1,,,,,,,,,,,,1,
Acanthaceae undiff.,TRSH,pollen,NISP,,,,,,,,,,,,,,,,,,,,,,,,,,,,,,,,,,,,1,,,,,,,,,,,,1,,,,,,,,,,,,,,,,,,,,,,,,,,,,,,,,,,,,,,,,,,,,,,,,,,,,,,,,,,,,,,,,,,,,,,,,,,,,,,,,,,,,1,,,,,,,,,,,,,,,,,,,,,,,,,,,,,,,,,,,,,,,,,,,,1
Achyranthes-type,UPHE,pollen,NISP,,1,,,,2,,,,,,,,,,,1,,,,1,3,,2,,,,,,4,,2,1,2,1,,1,,1,,,,,1,,,,,,1,,,,,,3,,,,,2,2,1,1,2,1,,,,1,1,,,2,3,,,1,,,,,1,2,,,1,,,,,2,1,,1,,,2,,,,,,1,,1,2,1,,5,5,2,,6,,2,1,7,7,3,5,9,3,5,11,8,4,7,,3,1,,4,5,1,4,9,2,1,5,4,1,1,,3,,,2,4,3,3,3,2,8,11,7,6,4,4,6,3,4,4,1,4,,1,1,2,,1,,4,1,4,
Acridocarpus,TRSH,pollen,NISP,,,,,,,,,,,,,,,,,,,,,,,,,,,,,,,,,,,,,,,,,,,,,,,,,,,,,,,,,,,,,,,,,,,,,,,,,,,,,,,,,,,,,,,,,,,,,,,,,,1,,,,,,,,,,,,,,,,,,,,,,,,,,,,,,,,,,,,,,,,,,,,,,,,,,,,,,,,,,,,,,,,,,,,,,,,,,,,,,
Adenorandia-type (A. kalbreyeri),TRSH,pollen,NISP,,,,,,,,,,,,,,,,,,,,,,,,,,,,,,,,,,,,,,,,,,,,,,,,,,,,,,,,,,,,,1,,,,,,,,,,,,,,,,,,,,,,,,,,,,,,,,1,,,,1,,,,,1,,,,,,,,,,,,,,,,,,,,,,,,,,,,,,,,,,,,,,,,,,,,,,,,,,,,,,,,,,,,,,,,,,,,,,,,,,
Aerva-type,UPHE,pollen,NISP,,,,,,,,,1,,2,,1,,,,,,1,,,,,,,,,,,,,,,,,,,,,,,,,,,,,1,,,,,,,,,,,1,,,,,,,,,,,,,,,,,,,,,,,,,,,,,,,,,,,,,,,,,,,,,,,,,,,,,,,,,,,,,,2,,5,2,3,3,2,,,2,2,2,4,3,,,1,,1,,4,10,22,15,17,15,23,15,18,10,17,19,17,18,28,15,23,11,16,4,5,3,4,5,6,1,4,2,3,3,2,3,11,9,11,9
Alchemilla,UPHE,pollen,NISP,,1,,,,,,,,,,,,,,,1,,,,,,,,,,,1,,,,,,,,,,,1,,,,,,,,,,,,,,,,,,,,2,,,1,,,,,,,,,,,,,,,,,,,,,,,,,,,,,,,,,,1,,,,1,,2,,,,,1,,,,,,,,,,,,,,,1,,,,,,,1,,,,,,,,,,,,,,,,,,,1,,,,,,,,,,,,,1,,,1,,,,,,,,,,,,
Alchornea,TRSH,pollen,NISP,,,3,1,1,2,4,5,1,1,3,4,6,5,6,5,4,5,3,10,4,2,1,3,1,7,2,4,1,5,7,3,9,8,4,12,11,1,1,6,5,10,8,11,9,8,5,8,4,4,4,3,6,4,4,5,7,5,17,9,6,11,5,3,3,4,6,7,12,19,22,21,26,14,21,35,25,10,13,7,21,17,19,37,20,10,21,15,21,28,17,32,17,12,26,20,22,18,10,13,18,17,26,18,19,17,15,16,13,10,18,15,22,32,20,17,21,5,1,7,,6,1,1,1,1,3,,,1,4,3,4,3,3,9,5,1,2,,5,,,1,1,1,2,2,,3,1,,,,1,2,,,1,,,2,2,,,,1,,1,1,,1,2,,,
Allophylus,TRSH,pollen,NISP,,,,,,,1,,1,,,,,,1,,,,,,,,,1,1,,,,,,1,,,,,1,1,1,,1,,,1,1,,2,,,1,1,,,,,,1,1,,1,1,1,,1,1,,,,,1,,2,1,1,,,,,,1,5,1,1,1,,3,1,2,3,2,3,,2,1,,,3,,,1,,1,,,2,1,2,,2,,,2,,,,,2,1,6,2,1,2,,,2,,,,1,,,,2,,,,1,1,,,,,,1,2,,2,2,1,,,,1,1,,,,1,1,1,,,1,,2,,,2,,,,1,,,1,4,2
Amaranthaceae undiff.,UPHE,pollen,NISP,,1,,,1,,,2,,,,,3,,,1,,,,,,,,,,3,,,,,1,,1,,,,,,,1,,,,,,,,1,,,,,,,,,1,2,,1,,,,,,,,,,,,,,,,,,,,,,,,,,,,,,,1,,,,,,,,,,,,,,,,,,,,,,,,,,,,,,,,,,,,1,,,,,2,,1,,,1,1,,,,2,,1,,5,2,4,1,,,6,,1,,6,,5,,1,7,8,5,4,5,3,5,6,4,4,9,2,4,6,1,8
Anacardiaceae undiff.,TRSH,pollen,NISP,,,,,,,,,,,,,,,,,,,,,,1,,,,,,,,,,,,,,,,,,,,,,,,,,,,,,,,,,,,,,,,,,,,,,,,,,,,,,,,,,,,,,,,,,,,,,,,,,,,,,,,,,,,,,,,,,,,,,,,,,,,,,,,,,,,,,,,,,,,,,,,,,,,,,,,,,,,,,,,,,,,,,,,,,,,,,,,,,
Anagallis,UPHE,pollen,NISP,,,,,,,,,,,,,,,,,,,,,,,,,,,,,,,,,,,,,,,,,,,,,,,,,,,,,,,,,,,,,1,,,,,,,,,,,,,,,,,,,,,,,,,,,,,,,,,,,1,,,,,,,,,,,,,,,,,,,,,,,,,,,,,,,,,,,,,,,,,,,,,,,,,,,,,,,,,,,,,,,,,,,,,,,,,,,,,,,,
Anopyxis klaineana,MANG,pollen,NISP,,,,,,,,,,,,,,,,,,,,,,,,,,,,,,,,,,,,,,,,,,,,,,,,,,,,,,,,,,,,,,,,,,,,,,,,,,,,1,,,,,,,,,,1,,,,,,,,,,,,,1,,,,,,,,,,,,,,,,,,,,,,,,,,,,,,,,,,,,,,,,,,,,,,,,,,,,,,,,,,,,,,,,,,,,,,,,,,,,,
Anthocleista,TRSH,pollen,NISP,,,,,,,,,,,,,,,,,,,,,,,,3,,,,,,,,,,,,,,,,,,,,1,,,,,,,,,,,,,,,,,,1,,,,,,,,,1,,,,,1,,,,1,,,,,1,2,,1,,1,4,,1,,,,1,,1,,1,3,,2,,,,,,,,,,,,,,,,,,5,,1,,,,,,,,1,,,,,,,,,,,,,,,,,,,,,,,,,1,,,1,,,,,,,,,,,,,,,,
Anthospermum,UPHE,pollen,NISP,,,,,,,,,,,,,,,,,,,,,,,,,,1,,,,,,,,,,1,,,,,,,,,,,,,,,,,,,,,,,,,,,,,,,,,,,,,,,,,,,,,,,,,,,,,,,,,,,,,,,,,,,,,,,,,,,,,,,,,,,1,,,,,,1,,,,,,,,,,,,,,,,,,,,,1,,,,,,,,,,,,,,,,,,1,12,18,,,,1,,,,,,
Antiaris-type (A. toxicaria),TRSH,pollen,NISP,,,,1,,1,1,,,,,1,,,,,,,,,,,,2,,,,,,,,,1,,,,,,,,,,,,,1,,,,3,,,,,,,,,1,,,1,1,,2,1,,,1,1,,,,,1,,,,,,,,2,,1,,1,,2,1,2,,,,,,4,1,,,,,2,1,1,1,5,3,,,,,1,,,,4,3,,6,4,,1,1,,,8,18,5,2,4,,,,,,,4,6,,,,5,1,,1,,,1,,,,4,1,1,,,,,,,3,,1,,,,,,,,,1,,,
Antidesma-type,TRSH,pollen,NISP,,,,,,,,,,,,1,,,,,,,,,,1,,,,3,1,,,,,,,,1,,,,3,,,,,,,,,,,,,,1,,,,,,1,,,,4,6,2,,,1,,1,1,1,,,,,,,,,,,,,,,,,1,,2,,,,,1,,,,,,,,,,,,,,,,,,,,,,,,,,,,,,,,,,,,1,,3,,,,,,2,,1,1,,,,,,,1,,,,,,,,2,,,,,,,,,,,,,,,1,,,1
Apiaceae undiff.,UPHE,pollen,NISP,,,,,,,,,,,,,,,,,,,,,,,,,,,,,,,,,,,,,,,,1,,,,,,,,,,,,,,,,,,,,,,,,,1,,1,,3,1,,,,,,,,,,,,,,,,,,3,,,,,,,5,,,1,2,,,,,,,,,1,,,,,,,,,,,,,,,1,,,,,1,,,,,5,,,1,,,,1,1,1,1,,1,,,1,2,,1,3,2,3,,7,3,3,1,,,1,4,1,3,1,,1,1,1,3,1,2,3,2,2
Apocynaceae undiff.,UPHE,pollen,NISP,,,,,,,,,,,,,,,,,,,,,,,,,,,,,,,,,,,,,,,,,,,,,,,,,,,,,,,,,,,,,,,,,,,,,,,,,,,,,,,,,,,,,,,,1,,,,,,,,,,,,,,1,,,,,,,,,,1,,,,,1,,,,,,,,,,,,,,,,,,,,,,,,,,,,,,,,,,,,,,,,,,,,,,,,,,,,,,,,,,,
Aporrhiza,TRSH,pollen,NISP,,,,,,,,,,,,,,,,,,,,,,,,,,,,,,,,,,,,,,,,,,,,,,,,,,,,,,,,,,,,,,,1,,,,,,,,,,,,,1,1,2,,,,,,,,,,,,,,,,1,1,,,,,,,,,,,1,,,,,1,,,,,1,,,2,,1,,,,,,,1,1,2,,,,,,,,,2,,1,,,,,,,,,,,,,,,,,,,,,,,3,,,,,,,,,,,,
Araliaceae undiff.,UPHE,pollen,NISP,,,,,,,,,,,,1,,,,,,,,,,,,,,,,,,,,,,,,,,,,,,,,,,,,,,,,,,,,,,,,,4,6,,,,,,,,,,5,,,,,,,,,,,,,,,,,,,,7,6,,,,2,,,,,9,5,,,,3,,,,,6,2,,,,11,,,7,,5,9,5,,,2,,,,3,,,,,,,,,,,,,,,,,,,,,,,,,,,,,,,,,,,,,,,,,,,,,
Artemisia,UPHE,pollen,NISP,,,,,2,,,1,,,,,1,1,,1,,,3,,,,,1,,,,,,,,,1,,1,6,,,,2,,2,5,,,,4,3,1,,,,,1,,,2,1,1,,1,,,,,,,,,,1,,,,,,,,,,,,,,1,,,,,,,,,,,1,,,,,,,,,,,,1,,,,,,,,,,,,1,,1,,,1,1,,,,2,,4,,,,,1,1,,2,1,2,,1,2,2,,,,,1,3,1,6,,2,1,7,,,,,2,2,2,,1,1,,,,,,,1,2
Ascolepis,UPHE,pollen,NISP,,,,,,,,,,,,,,,,,,,,,,,,,,,,,,,,,,,,1,,,,,,,,,,,1,,1,,,,,,,,,,,,,,,,,,,,,,,,,,,,,,,,,,,,,,,,,,,,,,,,,,,,,,,,,,,,,,,,,,,,,,,,,,,,,,,,,,,,,,,,,,,,,,,,,,,,,,,,,,,,,,,,,,,,,,,,,,,,,,,
Asteraceae undiff.,UPHE,pollen,NISP,,1,3,11,3,14,6,15,5,10,1,1,2,2,4,2,5,6,2,,2,6,4,4,4,3,5,5,3,8,13,3,3,1,13,10,8,4,9,9,15,1,8,9,8,5,14,10,7,9,,5,4,7,4,6,,9,6,6,8,,12,51,31,13,4,3,1,4,2,8,2,,2,8,2,4,6,4,3,6,4,4,7,7,,3,2,2,7,3,,5,2,1,3,7,4,7,2,,2,3,,8,2,6,8,1,5,4,5,3,3,1,5,19,9,12,24,9,11,7,5,10,6,11,14,10,7,10,17,12,10,9,13,3,20,13,10,12,5,13,2,10,11,12,15,19,1,17,,25,23,17,19,19,13,10,9,9,7,4,41,52,17,17,62,73,32,51,28,27,40,23
Asteraceae undiff. (type 2),UPHE,pollen,NISP,,,,,,3,,1,,,,,,,,,,,1,,,,,2,1,,,1,,,1,,,,,,,,,1,,,1,,,1,1,,,,,,1,1,,,,,,,3,,,,1,,1,,,,1,,,2,,,,2,,,,,,,,,,,,1,,1,,,,,,,,,,,,1,,,3,,2,4,1,,2,5,2,4,1,,,,,,,4,,2,2,,1,,3,3,,4,1,,,1,,1,2,,,6,2,2,4,1,1,1,1,2,3,1,4,,,2,1,1,,1,,,,,,1,,,,,,,3,1
Astripomoea,UPHE,pollen,NISP,,,,,,,,,,,,,,,,,,,,,,,,,,,,,,,,,,,,,,,,,,,,,,,2,,,,,,,,,,,1,,,,,,,,,,,,,,,,,,,,,,,,,,,,,,,,,,,,,,,,,,,,,,,,,,,,,,,,,,,,,,,,,,,,,,,,,,,,,,,,,,,,,,,,,,,,,,,,,,,,,,,,,,,,,,,,,,,,,,
Balanites,TRSH,pollen,NISP,,,,,,,,,,,,,,,,,,,,,,,,,,,,,,,,,,,,,,,,,,,,,,,,,,,,,,,,,,,,,,,,,,,,,,,,,,,,,,,,,,,,,,,,,,,,,,,,,,,,,,,,,,,,,,,,,,,,,,,,,,,,,,,,,,,,,,,,,1,,,,1,,,,,,,,,,,,,,,,,,,,,,,,,,,,,,,,,,,
Baphia-type,TRSH,pollen,NISP,,,,,,,,,,,,,,,,,,,,,,,,,,,,,,,,,,,,,,,,,,,,,,,,,,,,,,,,,,,,,,,,,,,,,,,,,,,,,,,,,,,,,,,,,,,,,,,,,,,,,,1,,,,,,,,,,,,,,,,,,,,,,,,,,,,,,,,,1,,,,,,,,,,,,,,,,,,,,,,,,,,,,,,,,,,,,,,,,,
Basilicum polystachyon/Hoslundia opposita,UPHE,pollen,NISP,,,,,1,1,,,,,,,,,,1,,,,,,2,,,,1,,,,,,,,,,,,,,,,,1,,,,1,4,,,,,,,,,,4,,1,,,,,,,,,,,,,1,,,,,,,,,,,,1,,,,,,,,,,,,,,,,,,,,,,,,1,,,,,,,,,,,,,2,,,,,,1,,1,,,,1,,,,,,,,,,,,,,,,,,,,,,,,,,,,,1,,,,,,,,,,,,,
Begonia,UPHE,pollen,NISP,,,,,,,,,,,,,,,,,,,,,,,,,,,,,,,,,,,,,1,,,,,1,,,,,,,,,,,,,,,,,,,,,,,,,,1,,,,1,,1,,,,,,,1,,,2,,3,,1,,1,,1,,1,,1,,1,1,,1,2,,2,1,,,,,,,,,,,,,,,,,,,,,,,,,,1,,,,,,,,,,,,,,2,,,,,,,,,,,,,2,,,,,,,1,,,,1,,,,,,,
Bersama,TRSH,pollen,NISP,,,,,,,,,,,,,,,,,,,,,,,,,,,,,,,,,,,,,,,,,,,,,,,,,,,,,,,,,,,,,,,,,,,,,,,,,,,,,,,,,,,,,,,,,,,,,,,,,,,,,,,,,,,,,,,,,,,,,,,,,,,,,,,,,,,,,,,,,,,,,,,,,,,,,,,,,,,,,,,,,,,1,,,,,,,,,,,,,
Bertiera,TRSH,pollen,NISP,,,,,,,,,,,,,,,,,,,,,,,,,,,,,,,,,,,,,,,,,,,,,,,,,,,,,,,,,,,,,,,,,,,,,,,,,,,,,,,,,,,,,,,,,,,,,,,,,,,,,,,,,,,,,,,1,,,,,,,,,,,,,,,,,,,,,,,,,,,,,,,,,,,,,,,,,,,,,,,,,,,,,,,,,,,,,,,,,
Blighia,TRSH,pollen,NISP,,,,,,,,,,,,,,,,,,,,,,,,,,,,,,,,,,,,,,,,,,,,,,,,,,,,,,,,,,,,,,,,,,,,,,,,,,,,,,,,,,,,,,,,,,,,,,,,,,,,,,,,,,,,,,,,,,,,,,,,,,,,,,,,,,,,,,,1,,,,,,,,,1,,,,,,,,,,,1,,,,,,,1,,,,,,,,,,,,,,
Boscia-type,TRSH,pollen,NISP,,,,,,,,,,,,,,,,,,,,,,,,,,,,,,,,,,,,,,,,,,,,,,,,,,,,,,,,,,,,,,,,,,,,,,,,,,,,,,,,,,,,,,,,,,,,,,,,,,,,,1,,,,,,,,,,,,,,,,,,,,,,,,,,,,,,,,,,,,,,,,,,,,,,,,,2,5,,,1,1,,,,,,,,,,,,,,1,1,,,,,,
Brassicaceae undiff.,UPHE,pollen,NISP,,,,,,,,,,1,,,,,,,,,,,,,,,,,,,,,,,,,,,,,,,,,,1,,,,,,,1,,,,,,,,,,,,,,,,,,,,,1,,1,,,,,,,,,,,,,,,,,,,,,,,,,,,,,,,,,,,,,,,1,,,,,,,,,,1,,,,,2,1,,,,2,,2,,,3,2,1,,,,1,,,,,,,,,,,,,,1,,,,1,,,,,,,,,,,,,,1
Bridelia-type,TRSH,pollen,NISP,,2,,,2,,,,,1,1,,,,,,,,1,,,,,1,,,,,,,,1,,,,,1,,,5,,,,,,1,1,,3,,,,,3,,2,2,1,1,1,,1,,,,,,,1,,,,,,2,1,,1,,,,,2,,,3,,,1,,,,1,2,,,2,,,,,,,,2,,1,,1,,,,1,,2,,,,,1,,,,1,1,,2,,,1,,,,,,,,,,3,,,,1,,1,,,,,,,,,,,,,,,,,,,,,,,1,,,,,,,
Brucea,TRSH,pollen,NISP,,,,,,,,,,,,,,,,,,,,,,,,,,,,,,,,,,,,,,,,,,,,,,,,,,,,,,,,,,,,,,,,,,,,,,,,,,,,,,,,,,,,,,,,,,,,,,,,,,,,,,,,,,,,,,,,,,,,,,,,1,,,,,,,,,,,,,,,,,,,,,,,,,,,,,,,,,,,,,,,,,,,,,,,,,,,,,,,,
Butyrospermum,TRSH,pollen,NISP,,,,,,,,1,,,,,,,,,,,,,,,,,,,,,,,,,,,,,,,,,,,,,,,,,,,,,,,,,,,,,,,,,,,,,,,,,,,,,,,,,,,,,,,,,,,,,,,,,,,,,,,,,,,,,,,,,,,,,,,,,,,,,,,,,,,,,,,,,,,,,,,,,,,,,,,,,,,,,,,,,,,,,,,,,,,,,,,,
Campylospermum,TRSH,pollen,NISP,,,,,,,,,,,,,,,,,,,,,,,,,,,,,,,,,,,,,,,,,,,,,,,,,,,,,,,1,,,,,,,,,,,,,,,,,,,,,,,,,,,,,,,,,,,,,,,,,,,,,,,,,,,,,,,,,,,,,,,,,,,,,,,,,,,,,,,,,,,,,,,,,,,,,,,,,,,,,,,,,,,,,,,,,,,,,,,,,
Canthium,TRSH,pollen,NISP,,,,,,,,,,,,,,,,,,,,,,,,,,,,,,,,,,,,,,,,1,,,,,,,,,,,,,,,,,,,,,,,,,,,,,,,,,,,,,,,,,,,,,,,,,,,,,,,,,,,,,,,,,,,,,,,,,,,,,,,,,,,,,,,,,,,,,,,,,,,,,,,,,,,,,,,,,,,,,,,,,,,,,,,,,,,,,,,,
Capparaceae undiff.,TRSH,pollen,NISP,,,,,,,,,1,,,,,,,,,,,,,,,,,,,,,,,,,,,,,,,,,,,,,,,,,,,,,,,,,,,,,,,,,,,,,,,,,,,,,,,,,,,,,,,,,,,,,,,,,,,,,,,,,,,,,,,,,,,,,,,,,,,,,1,,,,,,,,,,,,,,,,,,,,,,,,,,,,,,,,,,1,,,,,,,,,,,,,,,,
Carapa-type (C. procera),TRSH,pollen,NISP,,,2,,,,,,,,,,,,,,5,,,,,,,1,,,,,,,,,,,,,,,,,,,,,,,,,,,,,2,,1,,,,,,,1,,,,,,,,,2,,,,,,1,1,,,,,4,,3,,4,,2,3,2,,2,1,,2,1,1,,,,,,,,,,,1,,1,,,,,,,,,,1,,,,,,,1,,,,1,,,,,1,,,,,1,2,1,2,,1,2,,,2,4,,1,,3,,,,2,5,1,,2,,1,,,,,,,,1,,
Cassia-type,TRSH,pollen,NISP,,,,,,,,,,,1,,,,,,,,,,,,,,,,,,,,,,,,,,,,,,,,,,,,,,,,,,,,,,,,,,,,,,,,,,,,,,,,,,,,,,,,,,,,,,,,,,,,,,,,,,,,,,,,,,,,,,,,,,,,,,,,,,,,,,,,,,,,,,,,,,,,,,,,,,,,,,,,,,,,,1,,2,6,,,,,,,,,,,,,
Cassine,TRSH,pollen,NISP,,,,,,,,,,,,,,,,,,,,,,,,,,,,,,,,,,,,,,,,,,,,,,,,,,,,,,,,,,,,,,,,,,,,,,,,,,,,,1,,,,,1,,,,,,,,3,,,1,,1,,,,,1,,,,,,,,,,2,,1,,,,1,,,,,,,,,,,,,,,,,,,,,,,,,,,,,,,,,,,,,,,,,,,,,,,,,,,,,,,,,,,,
Celastraceae undiff.,TRSH,pollen,NISP,,,,,,,,,,,,,,,,,,,,,,,,,,,,,,,,,,,,,,,,,,,,,,,,,,,,,,,,,,,,,,,,,,,,,,,,,,1,,,,,,2,,,,,,,,,,,,1,,,,,,,,,,1,,,,,,2,,,,,,,,,1,,,,,,,,,,,,,,,,,,,,,,,,,,,,,,,,,,,,,,,,,,,,,,,,,,,,,,,,,,,
Celosia argentea-type,UPHE,pollen,NISP,,,,,,,,,,,,,,,,,,,,,,,,,,,,,,,,,,,,,,,,,,,,,,,1,,,,,,,,,,,,,,,,,,,,,,,,,,,,,,,,,,,,,,,,,,,,,,,,,,,,,,,,,,,,,,,,,,,,,,,,,,,,,,,,,,,,,,,,,,,,,,,,,,,,,,,,,,1,,,,,,,,,,,,,,,,,,,,,,,
Celtis,TRSH,pollen,NISP,,,4,2,,1,4,3,,2,4,,6,2,5,8,4,4,2,9,2,1,6,1,1,2,17,8,4,8,8,5,5,4,,,6,2,3,2,4,1,2,9,2,12,1,1,1,9,1,,,1,5,13,3,1,6,1,,5,3,,1,3,5,2,10,6,9,20,16,3,18,10,10,9,5,6,12,14,13,12,8,10,8,10,10,16,4,11,27,18,16,15,16,14,19,10,14,6,8,12,16,10,16,4,12,18,10,5,7,16,5,9,21,11,11,9,9,6,3,5,3,4,12,19,16,9,7,5,7,9,,3,10,12,19,5,1,4,14,,2,3,3,,4,9,10,5,13,3,6,4,4,,6,2,3,5,5,6,1,3,2,,1,,4,1,3,1,3,2
Centaurea-type,UPHE,pollen,NISP,,,,,,,,,,,,,,,,,,,,,,,,,,,,,,,,,,,1,,,,,,,,,,,,,,,,,,,,,,,,,,,,,,,,,,,,,,,,,,,,,,,,,,,,,,,,,,,,,,,,,,,,,,,,,,,,,,,,,,,,,,,,,,,,,,,,,,,,,,,,,,,,,,,,,,,,,,,,,,,,,,,1,,,1,,,,,,,,1,,,
Cissampelos-type,TRSH,pollen,NISP,,,,,,,,,,,,,,,,,,,,,,,,,,,,,,,,,,,,,,,,,,,,,,,,,,,,,,,,,,,,,,,,,,,,,,,,,,,,,,,,,,,,,,,,,,,,,,,,,,,,,,,,,,,,,,,,,,,,,,,,,1,,,,,,,,,,,,,,,,,,,,,,,,,,,,,,,,,,,,,,,,,,,,,,,,,,,,,,,
Cissus,TRSH,pollen,NISP,,,,,,,,,,,,,,,,,,,,,,,,,,,,,,,,,,,,,,,,,,,,,,,,,,,,,,,,,,,,,,,,,,,,,,,,,,,,,,,,,,,,,,,,,,,,,,,,,,,,,,,,,,,,,,,,,,,,,,,,,,,,,,,,,,,,,,,,,,,,,,,,,,,,,,,,,,,1,,,,,,,,,,,,,,,,,,,,,
Clausena anisata,TRSH,pollen,NISP,,,,,,,,,,1,,,,,,,,,,,,2,1,2,,,,1,1,,,,,,,,,,,,,,,,,,,,,,,,,,,,,,,,,2,,,,5,,,,1,,3,1,1,,,1,,,,,,,1,,,,,,,,12,,,1,,1,,,1,,1,,,,,,,,,,,2,1,,,3,,,,,,,,,,,,,,,,1,,,,,,,1,,,,,,,,,,,,3,,1,,,,,,,,2,,,,,,1,,,,,,,,
Clematis-type,UPHE,pollen,NISP,,,3,5,1,7,3,4,3,3,,1,,,1,,1,1,1,,,3,,4,1,2,2,2,,7,4,2,,5,,3,1,1,2,8,4,,2,1,6,2,2,8,5,2,,,,3,,,1,5,5,2,,,,2,,1,2,4,3,,1,1,,2,2,4,1,1,3,1,2,3,3,,1,1,,,,1,4,2,1,,2,2,4,5,11,4,7,,,2,2,4,1,2,8,8,5,3,4,2,3,,7,4,5,1,2,2,6,4,6,9,6,4,7,5,3,4,1,3,1,,1,2,,1,3,1,,8,4,3,3,9,7,11,4,9,3,7,11,10,4,8,5,6,7,4,2,2,,5,3,,1,2,4,1,,2,5,2
Clutia-type,TRSH,pollen,NISP,,,,,,,,,,,,,,,,,,,,,,,,,,,,,,,1,,,,,,,,,,,,,,,,,,,,,,,,,,,,,,,,,,,,,,,,,,,,,,,,,,,,,,,,,,,,,,,,,,,,,,,,,,,,,,,,,,,,,,,,,,,,,,,,,,,,,,,,,,,,,,,,,,,,,,,,,,,,,,,,,,,,,,,,,,,,,,,,,
Cnestis-type,TRSH,pollen,NISP,,,,,,,,,,,,,,,,,,,,,,,,,,,,,,,,,,,,,,,,,,,,,,,,,,,,,,,,,,,,,,,,,,,,,,,,,,1,,,,,,,,,,,,,,,,,,,,,,,,,,,,,,,,,,,,,,,,,,,,,,,,,,,,,,,,,,,,,,,,,,,,,,,,,,,,,,,,,,,,,,,,,,,,,,,,,,,,,,
Cocculus,UPHE,pollen,NISP,,,,,,,,,,,,1,,,,,,,,,,,,,,,,,,,,,,,,,,,,,,,,,,,,,,,,,,,,,,,,,,,,,,,,,,,,,,,,,,,,,,,,,,,,,,,,,,,,,,,,,,,,,,,,,,,,,,,,,,,,,,,,,,,,,,,,,,,,,,,,,,,,,,,,,,,,,,,,,,,,,,,,,,,,,,,,,,,,
Cochlospermum,TRSH,pollen,NISP,,,,,,,,,,,,,,,,,,,,,,,,,,,,,,,,,,,,,,,,,,,,,,,,,,,,,,,,,,,,,,,,,,,,1,,,,,,,,,,,,,,,,,,,,,,1,,,,,,,,,,,,,,,,,,,,,,,,,,,,,,,,,,,,2,,,,,,,,,,,,,,,1,,,,,,,,,,,,,,,,,,,,,,,,,,,,,,,,,,,
Combretaceae/Melastomataceae undiff.,TRSH,pollen,NISP,,1,9,2,,2,,1,1,2,1,2,1,1,,,3,1,1,3,1,2,,1,1,,,2,1,3,1,,,3,1,2,,,2,1,,,2,4,1,2,1,1,2,,3,1,6,2,,4,1,3,1,7,2,3,,2,1,1,1,7,2,1,2,2,2,1,2,4,,,3,2,3,2,,2,1,3,3,,2,,1,1,,2,1,1,1,1,1,,3,1,1,,,,1,,,,,1,,,,2,,1,1,,1,1,2,1,11,2,3,6,2,,2,1,3,6,1,,3,,1,2,1,13,4,4,4,7,9,10,11,4,2,9,4,4,4,4,3,8,8,3,3,2,3,4,,1,2,3,3,,1,4,5,6,3,1
Commiphora,TRSH,pollen,NISP,,,,,,,,,,,,,,,,,,,,,,,,,,,,,,,,,,,,,,,,,,,,,,,,,,,,,,,,,,,,,,,,,,,,,,,,,,,,,,,,,,,,,,,,,,,,,,,,,,,,,,,,,,,,,,,,,,,,,,,,,,,,,,,,,,,,,,,,,,,,,,,,,,,1,,1,2,,1,,,2,,,,1,,,,,,,,,,,,,,,,,
Crassula,UPHE,pollen,NISP,,,,,,,,,,,,,,,,,,,,,,,,,,,,,,,,,,,,,,,,,,,,,,,,,,,,,,,,,,,,,,,,,,,,,,,,1,,,,,,,,,,,,,,,,,,,,,,,,,,,,,,,,,,,,,,,,,,,,,,,,,,,,,,,,,,,,,,,,,,,,,,,,,,,,,,,,,,,,,,,,,,,,,,,,,,,,,,,,
Crateva adansonii,TRSH,pollen,NISP,,,,,,,,,,,,,,,,,,,,,,,,,,,,,,,,,,,,,,,,,,,,,,,,,,,,,,,,,,,,,,,,,,,,,,,,,,,,,,,,,,,,,,,,,,,,,,,,,,,,,,,,,,,,,,,,,,,,,,,,,,,,,,,,,,,,,,,,,,,,,,,,,,,,,,,,1,,,,1,,,,,,,,,,,,,,,,2,,,,
Croton-type,TRSH,pollen,NISP,,2,,,,,,,,,,,,,,,,,,,,,,,,,,,,,,,,,,,,,,,,,,,,,,,1,,,,,,,,,,,,,,,,,1,,,,,,,,,,,,,,,,,,,,,,,,,,1,,,,,,,,,,,,,,,,,,1,,,2,2,,1,,,,,,,,,,,,,,1,,,,,,,,,,,,,,,,,1,,,,,,,,,,,,,,,,,,,,,,,,,,,,,
Crudia-type,TRSH,pollen,NISP,,,,,,,,,,,,,,,,,,,,,,,,,,,,,,,,,,,,,,,,,,,,,,,,,,,,,,,,,,,,,,,,,,,,,,,,,,,,,,,,,,,,,,,,,,,,,,,,,,,,,,,,,,,,,,,,,,,,,,,,,,,,,,,,,,,,,,,,,,,,,,,,,,1,,,,2,1,,,1,,,,1,,,,,,,,,1,,,,,,,,,
Cussonia,TRSH,pollen,NISP,,,1,2,,1,2,1,,9,,,,1,,,,,,,,2,1,,,,1,,,,2,6,,1,,,3,,1,1,,6,,4,,3,,,,,2,,3,,5,3,,,2,,,9,1,2,5,2,3,6,2,3,,5,,,,9,,3,2,4,3,13,2,39,2,2,7,4,1,,5,3,48,5,5,7,24,10,1,3,12,32,27,3,,1,21,2,,2,,16,20,1,1,,23,6,,11,5,3,5,7,1,17,2,1,1,,,5,1,5,1,2,5,4,,12,4,,,2,,,1,,,1,1,,,,,,,1,1,,1,,1,,,,,,,,1,1,,1,,
Cyathula,UPHE,pollen,NISP,,,,,,,,,,,,,,,,,,,,,,,,,,,,,,,,,,,,4,,,,,,,,,,,,,,,,,,,,,,,,,,,,,,,,,,,,,,,,,,,,,,,,,,,,,,,,,,,,,,,,,,,,,,,,,,,,,,,,,,,,,,,,,,,,,,,,,,,,,,,,,,,,,,,,,,,,,,,,,,,,,,,,,,,,,,,,,,,,
Cyperaceae undiff.,UPHE,pollen,NISP,,493,234,1184,432,58,76,227,141,134,65,95,129,113,103,31,53,23,56,28,7,21,22,58,39,77,47,67,49,72,70,47,38,44,26,81,47,31,32,42,18,38,61,72,22,70,64,110,58,144,95,4,80,68,44,67,35,58,129,70,61,57,26,19,38,53,45,50,75,76,32,54,39,24,30,63,49,38,32,34,35,89,18,17,19,16,23,26,20,9,16,5,12,21,23,24,16,11,13,27,11,7,14,31,15,11,16,13,31,23,18,13,11,27,14,22,6,25,32,10,33,23,61,49,72,62,91,90,97,155,90,94,92,79,53,82,75,97,97,75,83,109,82,130,84,73,71,74,84,60,55,61,68,71,59,57,72,50,60,29,37,37,28,34,23,13,41,32,14,31,78,31,54,70,60,77
Diospyros,TRSH,pollen,NISP,,,,,,,,1,,,,,,,,,,,,,,,,,,,,,,,,,,,,,,,,,,,,,,,,,,,,,,,,,,,,,,,,,,,,,,,,,,,,,,,,,,,,,,,,,,,,,,,,,,,,,,,,,,,,,,,,,,,,,,,,,,,,,,,,,,,,,,,,,,,,,,,,,,,,,,,,,,,,,,,,,,,,,,,,,,,,,,,,
Dipsacoideae undiff.,UPHE,pollen,NISP,,,,,,,,,,,,,,,,,,,,,,,,,,,,,,,,,,,,,,,,,,,,,,,,,,,,,,,,,,,,,,,,,,,,,,,,,,,,,,,,,,,,,,,,,,,,,,,,,,,,,,,,,,,,,,,,,,,,,,,,,,,,,,,,,,,,,,,,,,,,,,,,,,,,,,,,,,,,,,,,1,,,,,,,1,,,,,,,,,
Dolichos-type,UPHE,pollen,NISP,,,,,,,,,,,,,,,,,,,,,,,,,,,,,,,,,,,,,,,,,,,,,,,,,,,,,,,,,,,,,,,,,,,,,,,,,,,,,,,,,,,,,,,,,,,,,,,,,,,,,,,,,,,,,,,,,,,,,,,,,,,,,,,,,,,,1,,,,,,,,,,,,,,,,,,,,,,,,1,,,,,,,,,,,,,,,,,,,,
Dombeya-type,TRSH,pollen,NISP,,,,,,,,,,,,,,,,,,,,,,,,,,,,,,,,,,,,,,,,,,,,,,1,,,,,,,,,,,,,,,,,,,,,,,,,,,,,,,,,,1,,1,,,,,,,1,,,,,,,,,1,,,,,,,,,,,,,,,,,,,,,,,,,,,1,,,,,,,,,,,,,,,,,,,,,1,,1,2,1,,,,,,,,,,,,,,1,,,,,,,,,,,,
Drypetes-type,TRSH,pollen,NISP,,,,,,,,,,,,,,,,,,,,,,,,,,,,,,,,,,,,,,,,,,,,,,1,,,,,,,,,1,,,,,,1,,,,1,,,,,,,,,1,,,,,,,,,,,,,,,,,,,,,,,,,,,,,,,,,,,,,,,,,,,,,,,,,,,,,,,,,,1,,,,1,,,,,1,,,,,,,,,,,,,,,,,,,,,,,,,,,,,,,,,,,
Embelia-type,TRSH,pollen,NISP,,11,,15,1,12,4,,,4,2,5,,2,,5,3,,2,1,2,1,2,4,1,8,1,,6,2,5,1,6,6,4,,9,5,8,1,6,3,,2,2,4,,1,6,10,1,,,,,4,5,,6,,,11,2,,,4,6,1,6,,7,15,3,6,4,4,4,1,,4,,2,1,,3,3,,3,5,6,5,2,2,1,4,2,3,2,1,3,4,2,1,8,,,3,,1,15,3,7,10,2,14,3,2,7,11,,10,18,,7,11,3,3,5,6,1,2,,7,2,2,4,1,2,7,1,1,1,1,,2,1,,,,1,2,1,9,1,1,1,4,,11,3,2,4,4,9,3,9,5,11,10,5,9,10,11,9,3,13
Entada-type,TRSH,pollen,NISP,,,,,,,,,,,,,,,,,,,,,,,,,,,,,1,,,,,,1,,,,,,,,,,,,,,,,,,,,,,,,,,,,,,,,,1,,,,,,,,,,,,,,,,,,,,,,,,,,,,,,,,,,,,,,,,,,,,,,,,,,,,,,,,,1,2,,,,,,,,,,,2,,,,,,,,,,,,,,,,,,,,,,,,,1,,,1,,,,,,,,,,,
Entandrophragma-type,TRSH,pollen,NISP,,,,,,,,,,,,,,,,,,,,,,,,,,,,,,,,,,,,,,,,,,,,,,,,,,,,,,,,,,,,,,,,,,,,,,,,,,,,,,,,,,,,,,,,,,,,,,,,,,,,,,,,,,,,,1,,,,,,,,,,,,,,,,,,,,,,,,,,,,,,,,,,,,,,,,,,,,,,,,,,,,,,,,,,,,,,,,,,,
Ericaceae undiff.,TRSH,pollen,NISP,,,,,1,,,,,,,,,1,1,1,1,,,1,2,1,,4,1,6,2,1,,3,12,3,6,5,6,12,,3,1,7,5,1,11,2,2,3,4,7,3,,4,,6,3,2,3,7,4,1,12,3,9,4,6,11,4,,2,1,7,4,6,5,,7,1,,2,2,1,2,,1,,1,1,1,1,1,4,2,4,,,,,,,,,1,1,,1,,,,1,,1,1,2,,,,1,1,,,1,,,,,,,1,,1,,,,1,,,2,,1,,,,,,1,,,,,,4,6,4,2,1,5,3,,1,1,1,1,2,4,4,1,8,2,6,4,4,10,6,9,9,1,1
Eriosema-type,UPHE,pollen,NISP,,,,,,,2,,,,,,,,,,,,,,,,,,,,,,,,,,,,,,,,,,,,,,,,,,,,,,,,,,,,,,,,,,,,,,,,,,,,,,,,,,,,,,,,,,,,,,,,,,,,,,,,,,,,,,,,,,,,,,,,,,,,,,,,,,,,,,,,,,,,,,,,,,,,,,,,,,,,,,,,,,,,,,,,,,,,,,,,,
Erythrococca-type (type 3),TRSH,pollen,NISP,,,,,,,,,,,,,,,,,,,1,,,,,,,,,,,,,,,,,,,1,,,,,,,,,,,,,,3,,,4,,7,3,,4,,,,,3,,2,2,,,,,,,,7,,,,,2,7,1,,3,,,2,,,1,,,5,,7,1,2,,,,,,,2,4,,9,2,,,,,,2,,,,,,7,,,,8,15,,8,11,2,,4,19,4,,2,19,15,6,9,5,,,,,,,,,4,,,,,,,,,,,,,,,,,,,,,,,,,,
Erythrococca-type (type 4),TRSH,pollen,NISP,,,,,,1,1,,,1,,,,,,,,,,,,3,1,2,1,4,2,,,,,,1,3,1,3,,2,3,7,2,1,8,3,3,1,3,1,1,2,,,3,1,2,3,,,,,,1,,1,,2,,2,,,,1,1,,,,,,,,,,,,,,,,,,,,,,,,,,1,,,,1,,,,,,,1,,,,,,,,,1,,1,1,,,,1,2,,4,1,1,3,1,,,,1,1,2,,1,1,,,2,2,,,,,,,,,,,,,,,,,,,,,,,,,,,,1,,
Eugenia/Syzygium,TRSH,pollen,NISP,,7,4,3,11,13,7,12,2,8,,,2,,3,,4,2,,3,,4,1,2,1,3,2,2,2,6,9,9,6,1,3,8,7,5,20,10,5,11,6,12,12,10,4,13,14,13,9,1,18,3,6,9,10,6,13,14,12,13,28,24,9,12,20,25,34,13,17,13,21,16,14,19,25,18,36,36,35,49,55,19,39,42,35,28,27,47,47,52,39,32,22,29,24,14,35,36,15,19,46,25,28,23,43,19,17,38,29,25,17,11,33,21,30,54,55,29,13,7,6,10,7,5,2,7,3,3,2,4,2,3,1,10,2,3,7,,2,3,4,4,2,2,,,,5,9,1,8,1,5,8,4,2,,1,,10,1,,2,2,,1,1,2,,1,,2,3,1
Euphorbia-type,UPHE,pollen,NISP,,,,,,,,,,,,,,,,,,,,,,,,,,,1,,,,,,,,,,,,,,,,,1,,,,,,,,,,1,,,,,,,,,,,,,,,,,,,,,,,,2,,,,,,,,5,,,,,,,,,,,,,,,,,,,,,,,,,,,,,,,,,,,,,,,,,,,,,,,,,,,,,,,,,,,,1,,,,,,,,,,,,,,,,,,,,,,,,,,,1,2,3,
Euphorbiaceae undiff.,UPHE,pollen,NISP,,,,,,,,,,,,1,,,,,,,,,,,,,,,,,,,,2,,,,,,,,,,,,,,,,,,,,1,,,,,,,,,,,,,,,,,,,,,,,,,,,,,,,1,,2,,,,1,1,,,2,,,,,2,,,,,,,,,,,,,,,,,,,,,,,,,,,,,,,,,,,,,,,,1,3,,,,,,,,,,,,,,,,,,,,,,,,,,,,,,,,,,,,,
Fabaceae undiff.,UPHE,pollen,NISP,,,,,4,3,,2,,,,1,3,1,,1,,,2,,,,,,,2,,,,,,,,,1,,,1,,1,3,,1,,,,4,,,,,,,1,,,3,1,,3,,,1,,,,,,1,,1,,1,,1,,,,,,1,,,,,,,,,,,,,,,2,,,,,,,,,,,,,,,,,,,,,,,,,,,,,,,,,1,,,,,,,,,1,1,,,,,,1,,,,,,,,,,1,1,,1,,,,,,,1,,,,,,,,,,,
Faurea-type,TRSH,pollen,NISP,,,,,,,,,,,,,,,,,,,,,,,,,,,,,,,,,,,,,,,,,,,,,,,,,,,,,,,,,,,,,,,,,,,,,,,,1,,,,,,,,,,,,,,,,,,,,,,,,,,,,,,,,,,,,,,,,,,,,,,,,,,,,,,,,,,,,,,,,,,,,,,,,,,,,,,,,2,,,1,,,,,,,,,,,,,,,,,,,,,
Ficus,TRSH,pollen,NISP,,,2,,,,1,,,2,1,2,,1,6,2,1,,1,6,,,,2,7,,5,,1,4,2,10,5,,4,,2,,3,1,,4,,4,,5,,,,2,1,,4,,3,,,,8,,,7,1,2,2,4,2,1,4,3,2,8,6,3,6,,6,7,2,15,2,3,4,7,6,4,3,4,11,11,5,2,4,7,9,9,8,11,8,6,14,2,,8,13,12,9,7,15,5,14,5,6,5,12,6,27,18,6,18,9,10,5,18,9,11,11,17,16,10,8,,,3,3,4,8,,32,3,3,1,4,2,6,1,6,1,7,3,6,3,6,3,1,,4,1,4,4,3,2,,,1,1,,,,,,,,,,
Flacourtia,TRSH,pollen,NISP,,,,,,,,,,,,,,,,,,,,,,,,,,,,,,,,,,,,,,,,,,,,,,,,,,,,,,,,,,,,,,,,,,,,,,,,,,,,,,,,,,,,,,,,,,2,,,,,,,,,,,,,,,,,,,,,,,,,,,,,,,,,,,,,,,,,,,,,,,,,,,,,,,,,,,,,,,,,,,,,,,,,,,,,,,,,,,,,,
Flueggea,TRSH,pollen,NISP,,,,,,1,,,1,,,,,,,,,,,,,,,,,,,,,,,,,,,,,,,,,,,,,,,,,,,,,,,,,,,,,,,,,,,1,,,,,,,,,,,,,,,,,,,,,,1,,,,,,1,,,,,,,,,,1,,,,,,,,,,,,,,,,,,,,,,,,,,,,,,,,,,,,,,,,,,,,,,,,,,,,,,,,,,,,,,,,,,,,,,
Galium/Rubia,UPHE,pollen,NISP,,,,,,,,,,,,,,,,,,2,,,,,,,,1,,,,,,,,,,,2,,,,,,1,,,,1,,,,,,1,,,,,,,,,,,,,,,,,,,,,,1,,,,,,,,,,,,,,,,,,,,,,,,,,,,,,,,,,,,,,,,,,,,,,,,,,2,5,2,1,1,,,4,,3,4,,,1,2,1,,,,2,2,1,,,,,3,,,1,,,,1,,,1,3,,1,,,,,3,,1,,,1,1,
Gentianaceae undiff.,UPHE,pollen,NISP,,,,,,,,,,,,,,,,,,,,,,,,,,,,,,,,,,,,,,,,,,,,,,,,,,,,,,,1,,,,,,,,,,,,,,,,,,,,,,,,,,,,,,,,,,,,,,1,,,,,,,,,,,,,,,,,,,,,,,,,,,,,,1,,,,1,,,,,,,,,,,,,,,,,,,,,,,,,,,,,,,,,,,,,,,,,,,,,,,,,
Gnidia-type,TRSH,pollen,NISP,,2,2,7,5,10,3,5,3,8,,,2,3,1,2,4,17,,,1,7,2,10,5,9,4,5,11,11,9,5,6,5,2,15,4,8,9,11,7,3,15,13,5,4,10,20,8,16,7,,19,23,16,13,15,25,10,8,5,3,5,1,13,9,1,11,,5,,4,,,,,,,,1,,,,,,,,,,,1,,,,,,,,,,,,,,,,,,,,,,,,,,1,,,2,,1,7,9,6,6,2,,,3,1,3,2,6,,5,8,2,,4,7,,5,9,5,3,7,6,6,7,6,1,2,4,2,1,1,2,,1,,,3,1,,,,,,,,2,1,,,
Harungana,TRSH,pollen,NISP,,,,,,,,,,,,,,,,,,,,,,,,,,,,,,,,,,,,,,,,,,,,,,,,,,,,,,,,,,,,,,,,,,1,,,,,,,,,,,,,,,,,,,,,,,,,,,,,,,,,,,,,,,,,,,,,,,,,,,1,,,,,,,,,,,,,,,,,,,,,,,,,,,,,,,,,,,,,,,,,,,,,,,,,,,,,,,,,,,
Hermannia-type,UPHE,pollen,NISP,,,,,,,,,,,,,,,,,,,,,,,,,,,,,,,,,,,,,,,,,,,,,,,,,,,,,,,,,,,,,,,,,,,,,,,,,,,,,,,,,,,,,,,,,,,,,,,,,,,,,,,,,,,,,,,,,,,,,,,,,,,,,,,,,,,,,,,,,,,,,,,,,,,,,,,,,,,,,,,,,,,,,,,,1,,,,,,,,
Holoptelea grandis,TRSH,pollen,NISP,,,,,,,,,,,,,,,,,,,,1,,,1,,,,,,1,,,,,1,,,,,,,,,,,,,,,,,,2,,,,,1,,,1,,,,3,,,,,,,,,1,,1,,,,,,,,1,,,,1,1,4,,,,,,,,,,,,,,,,,,,,,,,,,,,,,,,,,,,,,,,,,1,,1,1,1,,,1,,,,1,2,,2,,2,,,2,1,1,4,,,,1,1,3,,,,,,,,,,,,,,,,,,
Hydrocotyle,AQVP,pollen,NISP,,,,,,,,,,,,,,,,,,,,,,,,,,,,,,,,,,,,,,,,1,,,,,,,,,,,,,,,,,,,,,,,,,,,,,,,,,,,,,,,,,,,,,,,,,,,,,,,,,,,,,,,,,,,,,,,,,,,,,,,,,,,,,,,,,,,,,,,,,,,,,,,,,,,,,,,,,,,,,,,,,,,,,,,,,,,,,,,,
Hymenocardia,TRSH,pollen,NISP,,,,3,,,,,,1,,3,,,,,,,,,,2,,,,,,,,1,,,,,,,,,,,,,,,,,,,,2,,,,,,,,,,,1,3,,,,,,,,1,,4,,1,1,,1,,,,,6,,,1,1,2,,,,,2,1,2,,,1,,,,,1,1,,,,2,,,,,,2,,,2,,,,,,1,,,,,2,,2,,1,,,,,3,,,,,,,,,,,,,,1,3,,,1,,,,,,,,,,,,,,,,,,,,,,
Hypericum,UPHE,pollen,NISP,,2,,,,,,,,1,2,,,,1,,,,2,,,,,1,,,,,1,2,9,1,1,,,1,,,4,1,3,6,4,,4,2,1,3,2,,3,,,1,,,4,5,1,2,2,1,,1,,,,,1,,,,2,,,,1,,,1,1,2,,,,,,,,,,,,,1,,,,,5,,,1,,,,,,,1,,2,,,1,2,1,1,6,1,,,,6,2,,1,,1,,,1,,,,,,1,,,1,,,,,,,,,,,,,,2,,,,,1,1,,1,1,,1,1,,,,1,1,,1,,
Hypoestes-type,UPHE,pollen,NISP,,4,,3,5,8,2,4,,3,,,,,1,3,,,2,,1,5,1,6,3,3,3,2,1,1,3,,,6,1,5,3,,4,4,,1,1,2,1,5,4,,,2,1,,4,,1,5,1,3,,1,,2,3,8,3,5,2,2,,,,,,,2,,,,,2,,,,,1,1,,,,2,,,1,2,,1,1,1,1,1,2,,1,1,,,2,,,1,,,,1,,,,,,,1,1,1,5,5,,7,1,,3,7,1,5,1,,4,7,,1,2,2,,3,1,1,1,,2,,2,,,,1,1,1,,,1,,,,,1,,2,1,,,,,,1,,,
Hyptis,TRSH,pollen,NISP,,,,,,,,,,,,,,,,,,2,,,,,,,,,,,,,,,,,,,,,,3,,,,,,,,,2,,,,,,,,,,,,,,,,,,,,,,,,,,,,,,,,,,,,,,,,,,,,,,,,,,,,,,,,,,,,,,,,,,,,,,,,,,,,,,,,,,,,,,,,,,,,,,,,,,,,,,,,,,,,,,,,,,,,,,,,,,,,,,,
Ilex mitis,TRSH,pollen,NISP,,,2,1,4,1,3,11,5,4,1,,,3,1,,,3,1,,2,5,,5,,12,,3,3,5,24,26,9,9,4,36,31,30,35,39,26,24,22,12,31,25,33,13,14,19,13,1,22,25,20,34,20,17,12,25,8,12,14,25,14,5,16,12,11,8,11,11,27,5,12,46,22,25,19,26,27,20,22,13,14,19,9,6,15,11,8,9,,15,14,2,9,8,3,4,10,,10,3,,,,,,,2,,,,,,2,,,1,,1,1,,3,5,4,3,4,1,3,2,5,3,3,14,21,16,15,5,,,,,,,,,,2,,,,,1,,,,,,,,,,,,,,,,,,,1,,
Impatiens,UPHE,pollen,NISP,,,1,1,,,,,,1,,,1,,,,,2,,,,1,,2,1,2,1,,1,1,1,2,1,2,3,2,3,1,1,,3,3,1,,1,2,1,1,,3,1,,,,,,1,1,1,,,2,1,1,3,1,,,1,,,1,,,1,,,3,3,1,,2,4,1,,,,1,,,,1,1,1,2,1,1,,,2,1,1,,1,1,,1,1,2,,1,1,1,3,3,,,1,3,2,6,5,1,4,5,1,1,8,13,6,5,3,3,5,4,4,9,1,11,,5,6,1,2,1,2,4,2,2,4,1,1,1,,2,1,4,3,2,,1,3,6,1,,1,3,2,1,3,4,,4,3,6,7
Indigofera,TRSH,pollen,NISP,,,,,,,,,,,,,,,,,,,,,,,,,,,,,,,,,,,,,,,,,,,,,,,,,,,,,,,,,,,,,,,,,,,,,,,,,,,1,,1,,,,,1,,,,,,,,,,1,,,,,,,,,,,,,,,,,,,1,,,,,,,,,,,,,,1,,,,,,,,,,,,,,,,,,,,,,,,,,,,,,,,,,,,1,,,,,,,,1,,,,,,1,
Irvingia-type,TRSH,pollen,NISP,,,,,,,,,,,,,,,,,,,,,,,,,,,,,,,,,,1,,,,,,,,,,,,,,,,,,,,,,,,,,,,,,,,,,,,,,,,,,,,,,,,,,,,,,,,,,,,,,,,,,,,,,,,,1,,,,,,,5,,,,,,,,,,,,,,,,,,,,,,,,,,,,,,,,,,,,,,,,,,,,,,,,,,,,,,,,,,,,,,
Isoglossa,UPHE,pollen,NISP,,,,1,5,,,1,,5,,1,,,,,,,1,,,,,1,,,1,1,1,,,3,2,1,1,1,,1,3,1,,,1,1,1,,,3,2,1,1,,2,3,,2,2,1,,,,,,,,2,,1,,1,,,1,,,3,3,4,2,,4,,9,,3,3,2,2,,4,4,,2,,1,,2,1,,1,1,,1,1,,,,,,3,1,,1,,3,2,2,4,3,,3,3,2,3,3,2,1,1,1,2,2,1,2,,,,,,,,,,,,,,,,,,,,,,,,,,,,,2,,,,,,,,,,,,,1,
Ixora-type,TRSH,pollen,NISP,,1,1,1,,1,4,,1,1,,,,,1,,,1,,,,2,2,6,2,,,,2,6,4,,6,4,2,,2,,1,4,,,,,,,,,,1,1,,1,,,1,,,,,3,2,1,2,1,,1,,1,1,3,1,6,,3,3,3,6,1,2,2,5,2,,2,,2,2,3,,2,1,2,,1,2,,1,1,2,,1,1,2,4,,1,2,3,2,1,6,,1,2,1,1,2,1,2,,1,4,4,,,,,1,1,3,1,,2,,2,,2,,3,4,,,,,,1,,,,,,,,,,,,1,,,,,,1,2,,,,,,,,,,
Justicia-type,UPHE,pollen,NISP,,,,,,,,,,,,,,,,,,,,,,,,,,1,,1,,2,,,,,,,,,,,,,,,,,,,,,,,,,,,,,,,,,,,,,,,,,,,,,,,,,,,,,,,,,,,,,,,,,,,,,,,,,,,,,,,,,,,,,,,,,,,,,,,,,,,,,,,,,,,,,,,,,,,,,,,,,,,,,,,,,,,,,,,,,,,,,,,,,,
Keetia-type (K. cornelia),TRSH,pollen,NISP,,,,,,,,,,,,,,,,,,,,,,1,,,,,,,1,,,,,,,,,,,,,,,,,,,,,,,,1,,,,,,,,,,,1,,,,2,,1,1,,4,,,,,,,,,,,,2,,1,,,,2,,3,,,,,,,,,,,,,,,,,,,,,2,,,,,,,,,,,,,,,,,,,,,,,,,,,,,,,,,,,,,,,,,,,,1,,,,,,,,,,,,,,,,,,
Khaya-type,TRSH,pollen,NISP,,,,,,,,,,,,,,,,,,,,,,,,,,,,,,,,,,,,,,,,,,,,,,,,,,,,,,,,,,,,,,,,,,,,,,,,,,,,,,,1,,,,,,,,,,,,,,,,,,,,,,,,,,,,,,,,,,,,,,,,,,,,,,,,,,,,,,,,,,,,,,,,,,,,,,,,,,,,,,,,,,,,,,,,,,,,,,,,,
Klaineanthus gaboniae,TRSH,pollen,NISP,,,,,,,,,,,,,,,,,,,,,,2,,,,,,,,,,,,,,,,,,,,,,,,,,,,,,,,,,,,,,,,,,,,,,,,,,,,1,,,,,,,,,,,,,,,,,,,,,,,,,,,,1,,,,,,,,,,,,,,,,,,,,,,,,,,,,,,,,,,,,,,,,,,,,,,,,,,,,,,,,,,,,,,,,,,,,,,,,,,
Lamiaceae undiff.,UPHE,pollen,NISP,,,,4,,,,,,2,,1,,,,,1,,,,,3,1,5,,,1,,,5,,,,,,,4,1,,,1,,,3,,4,,,,,,,1,,5,5,,,1,,3,,1,2,,,1,,,2,1,,1,7,,3,1,8,1,1,,1,2,,,2,3,3,,,,1,1,2,2,1,1,,1,2,2,3,,2,4,,,3,2,5,1,1,,2,,,5,2,3,2,1,1,2,8,1,,1,,1,4,,4,5,2,5,,7,2,1,4,6,9,,,1,3,1,1,,,,,4,,2,4,1,,5,,,,,,,,,,5,10,2,,,2,8,2
Landolphia-type (type 3),TRSH,pollen,NISP,,,,,,,,,,,,,,,,,,,,,,,,,,,,,,,,,,,,,,,,,,,,,,,,,,,,,,,,,,,,,,,,,,,,,,,,,,,,,,,,,,,,,,,,,,,,,,,,,,,,,,,,,,,,,,,,,,,,,,,,,,,,,,,,,,,,,,,,,,,,,,,,,,,,,,,,,,,,,,,,,,,,,,1,,,,,,2,1,1,,
Lannea-type,TRSH,pollen,NISP,,,,,,,,,,,,,,,,,,,,,,,,,,,,,,,,,,,,,,,,,,,,,,,,,,,,,,,,,,,,,,,,,,,,,,,,,,,,1,,1,,1,1,,,,,,,,,,,,,,,,,,,,,,,,,,,,,,,1,,,,,,,,,,,,,1,2,3,,,1,,,,,,,,,,,1,1,1,5,1,1,2,1,5,,,2,,,2,3,,4,2,2,,1,1,,1,,1,1,,1,1,2,1,,1,
Laportea-type,UPHE,pollen,NISP,,,,,,,2,,,1,,,,,,,6,,,15,,4,,,1,,6,2,,2,,1,,,,,1,2,,,,1,,,,,,,,1,,,3,,,,,,,,,,,,,,,,,2,,,,,,,,,,,,3,,1,,1,,,,,,,,,,,,,,,2,,,,,,,2,,,,1,3,,1,1,,,,,,,,,,2,,2,,,,1,,,1,,,,,,,,,,,1,,,,,,,,2,,,,,,,,2,,,,1,,,,,,,,,,1
Laurembergia tetrandra,UPHE,pollen,NISP,,14,1,9,,,10,45,35,73,15,13,8,23,21,5,24,,1,,,1,,,,,,,,2,,4,,3,,,1,,,,,,1,,3,,1,,9,,,,,,,2,,2,,,2,2,,,,,,,,1,,2,1,,,,1,2,,,1,,,1,2,4,,,1,,1,,1,3,,2,,1,,,,,,2,,,,,1,,,,,,,,1,1,1,1,6,10,2,2,,,1,3,,5,1,,,1,1,,,,,,1,,,,,,,,,1,,,,,,,,,1,,,,,,,,,,,,,,,,,
Lecaniodiscus/Lepisanthes senegalensis,TRSH,pollen,NISP,,,,,,,,,,,,,,,,,,,,,,,,,,,,,,,,,,,,,,,,,,,,,,,,,,,,,,,,,,,,,,,,,,,,,,,,,,,,,,,,,,,,,,,,,,,,,,,,,,,,,,,,,,,,,,,,,,,,,,,,,,,,,,,1,,,,,,,,,,,,,,,,,,,,,,,,,,,,,,,,,,,,,,,,,,,,,,,,,
Leonotis-type,UPHE,pollen,NISP,,,,,,,,,,,,,,,,,,,,,,,,,,,,,,,,,,,,,,,1,,,,,,,,,,,,,,,,,,,,,,,,,,,,,,,,,,,,,,,1,,,,,,,,,,,,,,,,,,,,,,,,,,,,,,,,,,,,,,1,,,,,,,,,,,,1,,,,,,,,,3,,,,4,,,,,4,,,,,,,,1,3,,3,1,,,,,,,,,,,,,,,,,,
Lepisanthes-type (L. senegalensis),TRSH,pollen,NISP,,,,,,,,,,,,,,,,,,,,,,,,,,,,,,,,,,,,,,,,,,,,,,,,,,,,,,,,,,,,,,,,,,,,,,,,,,,,,,,,,,,,,,,,,,,,,,,,,,,,,,,,,,,,,,,,,,,,,,,,,,,,,,,1,,,,,,,,,,,,,,,,,,,,,,,,,,,,,,,,,,,,,,,,,,,,,,,,,
Leucas-type,UPHE,pollen,NISP,,,,,,,,,,,,,,,,,1,,,,,,1,,,,,,,,,,,,,,,,,,,,,,,,,,,,,,,,,,,,,,,,,,,,,,,,,,,,,,,1,,,,,,,,,,,,2,,,,,2,,,,,,1,,,,,,,,,,,,,,,,,,,,,,,,1,,,,1,,,2,2,,,1,3,,,,,,,,,,1,,,1,4,,,3,6,3,,2,,1,,,,4,,4,5,,,,,,1,,2,
Lindackeria-type,TRSH,pollen,NISP,,,,,,16,,,,,,,,,,3,,,,,,,,,,,,,,,,,,,,,,,,,,,,,,,,,,,,,,,,,,,,,,,,,,,,,,,,,,,,,,,,,,,,,,,,,,,,,,,,,,,,,,,,,,,,,,,,,,,,,,,,,,,,,,,,,,,,,,,,,,,,,,,,,,,,,,,,,,,,,,,,,,,,,,,,,,,,,,,,
Lippia-type,TRSH,pollen,NISP,,,,,,,,,,,,,,,,,,,,,,,,,,,,,,,,,,,,,,,,,,,,,,,,,,,,,,,,,,,,,,,,,,,,,,,,,,,,,,1,,,,,,,,,,,,,,,,,,,,,,,,,,,,,,1,,,,,,,,1,,,4,,,,,,,,,,4,,,,,,,,,,,,,,,,,,,,,,,,,,,,,,,,,,,,,,,,,,,,,,,
Lobelia,UPHE,pollen,NISP,,,,,,,,,,,,,,,,,,,,,,,,,,,,,,,,,,,,,,,,,,,,,,,,,,,,,,,,,,,,,,,,,,,,,,,,,,,,,,,,,,,,,,,,,,,,,,,,,,,1,,,,,,,,,,,,,,,,,,,,,,,,,,,,,,,,,,,,,,,,,,,,,,,,,,,,,,,,,,,,,,,,,,,,,,,,,,,,,
Lonchocarpus,TRSH,pollen,NISP,,,,,,,,,,,,,,,,,,1,,,,,,,,1,,,,,2,,,,,1,,,,,2,,,,,,,,1,,,,,,,,,,,,,,,,,,,,,,,,,,,,,,,,,,,,,,,,,,,,,,,,,,,,,,,,,,,,,,,,,,,,,,,,,,,,,,,,,,,,,,,,,,,,,,,,,,,,,,,,,,,,,,,,,,,,,,,,,,,,,,,
Lophira,TRSH,pollen,NISP,,,,3,,,2,,,5,,,,,,,2,,,,,2,,10,,,,,,,,1,,,1,,1,,1,,,,,2,,1,,,,2,,,1,,1,4,,,4,1,4,1,,5,,,1,1,7,2,,5,2,7,2,1,1,,2,3,2,,,1,3,,7,,1,,,1,4,1,7,,,,,5,4,1,5,6,,,,,,3,1,,1,3,,5,4,4,5,2,1,3,1,,2,1,2,,7,,,,3,,4,,5,,2,1,,,2,,3,,,,,,8,,8,,8,,13,,14,,,,2,2,1,,1,,,1,4,,,,,1
Lotus,UPHE,pollen,NISP,,,,,,,,,,,,,,,,,,,,,,,,,,,,,,,,,,,,,,,,,,,,,,,,,,,,,,,,,,,,,,,,,,,,,,,,,,,,,,,,,,,,,,,,,,,,,,,,,,,,,,,,,,,,,,,,,,,,,,,1,,,,,,,,,,,,,,,,,,,,,,,,,,,,,,,,,,,,,,,,,,,,,,,,,,,,,,,,,
Ludwigia-type,UPHE,pollen,NISP,,,,,,,,,,,,,,,,,,,,,,,,,,,,,,,,,,,,,,,1,,,,,,,,,,,,,,,,,,,,,,,,,,,,,,,,,,,,,,,,,,,,,,,,,,,,,,,,,,,,,,,,,,,,,,,,,,,,,,,,,,,,,,,,,,,,,,,,,,,,,,,,,,,,,,,,,,,,,,,,,,,,,,,,,,,,,,,,,
Macaranga-type,TRSH,pollen,NISP,,1,8,,4,6,,4,2,1,1,1,5,2,3,2,3,3,3,4,,2,3,1,10,4,,3,13,30,10,1,2,8,10,7,1,4,7,8,1,1,,3,1,1,2,2,3,2,,,2,2,,2,6,1,1,11,,4,,,1,,4,4,1,4,21,2,8,,14,2,5,,5,4,2,3,7,2,3,5,7,3,10,3,5,1,2,2,4,3,2,2,3,,6,,5,3,,,1,3,3,10,6,3,5,1,16,12,6,6,4,3,16,,,2,9,4,1,3,9,15,1,5,3,2,3,3,1,9,14,,,1,2,,2,1,,3,2,,1,,,,,,,,,,,5,1,,,,1,1,,1,,,,,4,1
Maerua-type,TRSH,pollen,NISP,,,,,,,,,,,,,,,,,,,,,,,,,,,,,,,,,,,,,,,,,,,,,,,,,,,,,,,,,,,,,,,,,,,,,,,,,,,,,,,,,,,,,,,,,,,,,,,,,,,,,,,,,,,,,,,,,,,,,,,,,,,,,,,,,,,,,,,,,,,,,,,,,,,,,,,,,,,,,,,,,,,1,,,,,,,,,,,,,
Maesa,TRSH,pollen,NISP,,,1,4,,,4,,,10,,,,,1,,,,,4,2,9,,6,4,,2,1,9,5,1,8,1,1,1,,5,,8,,,2,,9,,10,,,,4,4,,2,,7,4,,,3,,1,3,11,1,3,1,13,21,7,19,5,2,15,9,9,8,4,7,2,5,10,12,2,4,3,6,6,9,2,6,4,1,5,7,9,11,4,8,12,13,7,,5,13,15,6,9,11,10,7,19,5,17,11,4,3,12,20,8,6,7,14,7,3,14,7,8,15,9,9,8,2,7,4,3,3,7,4,10,2,4,3,2,,1,2,1,,,2,1,,2,3,4,1,3,1,6,,,2,1,1,1,1,3,,2,,1,3,2,1,2,1
Mallotus-type,TRSH,pollen,NISP,,,1,,,,,,,,,1,,2,1,,2,,2,,,1,,,,,,,,1,,,1,,,,,,,3,,,,,1,,1,,,,,,2,2,1,,,1,2,7,,1,,2,2,,,4,1,3,2,2,3,2,2,3,1,,2,3,1,1,1,,6,3,2,5,2,2,3,,3,3,12,6,7,3,1,2,4,1,12,8,5,5,3,11,7,6,9,4,3,7,3,12,2,15,4,1,1,,1,,,2,1,,3,3,,3,1,3,,,,,1,,1,,1,,,1,,1,2,2,1,,,,,,,,,,,3,3,,1,,,1,,,,,,,,
Margaritaria discoidea,TRSH,pollen,NISP,,,,,,,,,,,,,,,,,,,,1,,,,,,,,,,,,1,,,,,,,,,,,,,,,,,,,,,,,,2,,,1,,,,,,,,1,,1,,5,,,,,1,2,1,,4,1,1,5,,,,,2,,1,,,2,2,2,,2,,1,2,,2,2,3,,,,,3,2,,2,1,,1,,,,,,,,,,,,,,,2,,,,,,,,,,,,,,,,,,,,,,,,,,,,,,,,,,,,,,,,,,,,,,
Maytenus,TRSH,pollen,NISP,,,1,,,,,,,1,,,,,,,,,,,,,1,,1,,1,1,,,,,,,,,1,1,1,,,,,,,2,,,,2,,,,,,,,,1,,,3,,1,,1,3,,3,13,6,8,8,,17,6,5,3,4,18,11,5,7,,6,4,9,2,10,7,15,,19,,12,,4,,3,9,6,,24,7,4,3,4,15,18,20,17,2,6,16,17,13,,8,1,,9,1,,,,,,6,2,2,2,3,6,,,2,2,3,4,6,,1,1,,,2,,1,2,,,1,,,,1,,,1,1,1,3,1,,,,,,,,1,,,1,,
Meliaceae undiff.,TRSH,pollen,NISP,,,,,,,,,,,,1,,,,,,,,,,,,,,,,,,,,,,,,,,,,,,1,,,,,,,,,,,,,,,,,,,,,,,,,,,,,,,,,,,,,,,,,,3,,,,,,,,,,,,,,,,,,,,,,,,,,,,,,,,,,,,,,,,,,,,,,,,,,,,,,,,,,,,,,,,,,,,,,,,,,,,,,,,,,,,,,,,,,,,
Mellera-type,UPHE,pollen,NISP,,,,,,,,,,,,,,,,,1,,,,,,,,,,,,,,,,,1,,,,,,,,,,,,,,,,,,,,,,,,,,,,,,2,,,,,,,,,,,,1,,,,,,,,1,,,2,,,,,,,,,,,,,,,,,,,,,,,,,,,,,,,,,,,,,,,1,,2,3,6,,1,,4,9,6,,4,2,,1,1,,1,,2,5,,2,,1,1,,,,,,,,1,,,1,,,,2,,,,1,,,,,2
Mesanthemum,AQVP,pollen,NISP,,,,,,,,2,,,,,,,,,,,,,,,,,,,,,,,,,,,,,,,,,,,,,,,,,,,,,,,,,,,,,,,,,,,,,,,,,,,,,,,,,,,,,,,,,,,,,,,,,,,,,,,,,,,,,,,,,,,,,,,,,,,,,,,,,,,,,,,,,,,,,,,,,,,,,,,,,,,,,,,,,,,,,,,,,,,,,,,,
Mitracarpus hirtus,UPHE,pollen,NISP,,,,,,,,,,1,,,,,,,,,,,,,,,,,,,1,,,,,,,,,1,,,,,,,,,,,,,,,,,,,,,,,,,,,,,,,,,,,,,,,,,,,,,,,,,,,,,,,,,,,,,,,,,,,,,,,,,,,,,,,,,,,,,,,1,,,1,,,,,,,,,,,,,,,,,,,,,,,,,,,,,,,,,,,,,,,,,,,,,,,,
Mitragyna-type (M. inermis),TRSH,pollen,NISP,,,,,,,,,,,1,,,,,,,,,,,,,,,,,,,1,,,,,,,,,,,,,,,,,,,,,,,,,1,,,,,,,,,1,,2,1,,,,1,,1,1,,2,,2,1,3,,,,,,,1,1,,,1,,1,,1,1,1,2,1,,,,,1,2,,,1,,,,,,,,,,,1,,,,,,,,,2,,1,,,,,,,,2,,1,,,,,,1,,,1,,,,,,,,,,,,,,,,1,,,,,,,,,,,
Monocotyledoneae undiff.,SEED,pollen,NISP,,,,3,,1,,,1,,,5,,,2,,,,,3,,,,,1,,,1,,1,,,,,,,,,,,,,,,,1,,,,,,,,,2,1,,,,,,,,,,6,,,,,,2,,,,,,,,,,,1,,,,,,,2,,,5,,,,,,,2,,1,,1,,,,,,1,,,,,,,3,1,1,2,,,,1,1,,,2,1,,,,,,,1,,,1,,,,,1,,,,,,,,,,,,1,,,,,,,,,,,,,,,,,,,,
Morelia senegalensis,TRSH,pollen,NISP,,,,,,,,,,,,,,,,,,,,,,,,,,,,,,,,,,,,,,,1,,,,,,,,,,,,,,,,,,,,,,,,3,,3,,,,,,,,1,,,,,,,,,7,,,,,,,1,,2,,,,,,,,,,,,,,,,,,,,,,,,,,,,,,1,,,,,,,,,1,,,,,,,,,,,,,,,,,,,,,,,,,,,,,,,,,,,,,,,,,,,,,,
Morus,TRSH,pollen,NISP,,,,,1,,,,,,,,1,,,,,2,,,,,,,,1,,,,,,,,,,,,,,2,,,1,,1,,,4,,,,1,,2,,,,4,,,,,,,,,,,,,,,,,,,,,,,,,,,,,,,,,,,,,,,,,,,,,,,,,,,,,,,,,,,,,,,,,,,,,,,,,,,,,,,,,,,,,,,,,,,,,,,,,,,,,,,,,,,,,,,,,,,,,,
Myrianthus-type,TRSH,pollen,NISP,,,,,,,,,,,,,,,,,,,,,,,,,,,,,,2,,,,,,,,,,,,,,,,,,,,,,,,,,,,,,,,,,,,,,,,,,,,,,,,,,,,,,4,,,,,,,,,,,,,1,,,,,,,,,,1,,,2,,,,,2,,,,,1,,,1,,,,,,,,1,,,,,,,,,1,,,,,,,,,,,,,,,,1,,,,,,,,,,,,,,,,,,,,
Myrica,TRSH,pollen,NISP,,,,,,,,,,,,,,,,,,,,,,,,,,,,,,,,,,,,,,,,,,,1,,,,,,,,,,,,,,,,,,,,,,,,,,,,,,,,,,,,,,,,,,,,,,,,,,,,,,,,,,,,,,,,,,,,,,,,,1,,,,,,,,,,,1,,,2,,1,,,,,8,,2,8,55,53,46,76,78,63,44,14,7,12,12,6,2,15,9,6,4,5,,,5,3,1,1,3,,,3,1,7,5,1,7,2,4,1
Myrsine africana,TRSH,pollen,NISP,,,,,,,,,,2,,,,,,,,,,1,,,,,,,,,,,,,,,,,,,,,,,,,,,,,,,,,1,,,,,,,,,,,,1,,,,,,,,,1,1,2,2,,,,,,,,,,,,,,,,,,,1,,,1,,,,,,,,,,,,,,,,1,,,,,,1,,,,1,1,,1,,,,,,,,,,,,,,,,,,,,,1,,,,,,,,,,,,,,,,,,,,,,,,,,,
Nuxia-type,TRSH,pollen,NISP,,,,1,4,,1,3,,,,1,1,,,,,1,2,,1,6,,,,5,3,,,5,,5,5,,,,,,3,1,3,3,8,,4,3,,9,1,1,,,,,,2,,,1,,1,3,,2,2,5,,5,,,,,2,,2,3,2,5,,,,,1,,4,2,5,4,1,,2,,,3,,8,3,1,1,,,4,5,4,5,1,10,1,5,,,,10,,1,1,1,,,2,,4,4,5,4,1,4,12,,2,3,1,5,,3,,,1,,,,,1,,,1,,,1,2,,4,,,3,7,1,,4,1,2,7,2,8,14,6,7,14,23,6,6,7,15,22,12,18
Nymphaea,AQVP,pollen,NISP,,2,7,6,11,33,34,4,1,31,35,55,106,81,91,37,83,99,105,100,27,55,40,96,19,69,33,27,22,64,36,12,43,18,29,59,72,30,59,93,32,28,50,53,45,35,62,50,23,32,32,2,44,31,39,34,45,36,28,17,30,35,13,8,1,3,,2,2,,1,,1,2,2,,4,,,3,4,3,1,1,4,8,5,7,6,,1,1,6,2,4,3,8,8,17,22,23,14,25,28,25,28,54,36,5,15,3,25,27,27,43,15,,,,,,,2,,,,,,,,1,,,,,5,,,,,,,,1,,,,,3,3,,3,,,,,,,2,,,,,,,,,,,,,,,,,
Olea capensis,TRSH,pollen,NISP,,,1,,,,1,2,1,4,,1,2,2,2,1,18,25,23,15,34,26,7,11,3,11,8,8,4,18,4,3,,,1,7,2,1,2,3,,1,2,1,4,,2,3,4,1,,,5,2,8,3,4,1,,16,10,1,1,2,1,,9,23,9,45,41,57,103,29,51,50,39,34,42,23,41,28,26,23,39,21,34,51,32,17,24,43,45,54,24,62,51,61,49,35,35,16,22,33,35,25,13,34,56,27,39,39,68,13,48,35,32,16,12,7,3,6,,1,4,,4,1,12,5,3,2,,,7,10,5,7,2,,,2,,1,1,,,1,1,6,,2,,1,,1,,,1,,1,19,5,,1,,1,,,,,,1,,,2
Onagraceae undiff.,UPHE,pollen,NISP,,,,,,,,,,,,,,,,,,,,,,,,,,,,,,,,,,,,,,,,,,,,,,,,,,,,,,,,,,,,,,,,,,,,,,,,,,,,,,,,,,,,,,,,,,,,,,,,,,,,,,,,,,,,,,,,,,,,,,,,,,,,,,,,,,,,,,,,,,,,,,,,,,,,,,,1,,,,,,,,,,,,,,,,,,,,,,,,,
Ormocarpum,TRSH,pollen,NISP,,,,,,,,,,,,,,,,,,,,,,,,,,,,,,,,,,,,,,,,1,,,,,,,,,,,,,,,,,,,,,,,,,,,,,,,,,,,,,,,,,,,,,,,,,,,,,,,,,,,,,,,,,,,,,,,,,,,,,,,,,,,,,,,,,,,,,,,,,,,,,,,,,,,,,,,,,,,,,,,,,,,,,,,,,,,,,,,,
Ottelia-type,AQVP,pollen,NISP,,,,,,,,,,3,,,,,,,,,,,,8,,6,2,,2,,1,,,,,1,,,,1,2,,,,,2,,1,,,,,1,,2,,1,2,,,1,,,,,,,,,,,1,,,,,,1,,,,,,1,,1,1,,1,,,,1,,,,,,,,,,,,,,,,,,,,,,,,,,,,,,,,,,,,,,,,,,,,,,,,,,,,,,,,,,,,,,,,,,,,,,,,,,,,,,,,,,,,,
Pappea capensis,TRSH,pollen,NISP,,,,,,,,,,,,,,,,,,,,,,,,,,,,,,,,,,,,,,,,,,,,,,,,,,,,,,,,,,,,,,,,,,,,,,,,,,,,,,,,,,,,,,,,,,,,,1,,,,,,,,,,,,,,,,,,,,,,,,,,,,,,,,,,,,,,,,,,,,,,,,,,,,,,,,,,,,,,,,,,,,,,,,,,,,,,,,,,,
Pausinystalia-type,TRSH,pollen,NISP,,,,,,,,,,,,,,,,,,,,,,,,,,,,,,,,,,,,,,,1,,,,,,,,,,,,,,,,,,,,,,,,,,,,4,1,,1,,,1,,,2,1,2,3,,1,1,,,,3,4,1,,,,,,3,,,1,,1,,,,,,2,,,1,3,,2,,,,,,,5,,,,,,,,,,,,2,,,,1,,2,,,,,,,,,,,,,,,,,,,,,,,,,,,,,,,,,,,1,,,,1,
Pavetta,TRSH,pollen,NISP,,,,,1,,,3,,,1,,,,,,,,,,,2,1,,,4,,,,1,2,,,3,,4,,,,,1,,2,,2,,2,1,4,,,,,,,,3,,,,,,,,,,,,,1,1,,3,,1,,1,1,,,,1,,,,1,,1,1,,,,,,,,,,1,,1,,,,1,,,1,1,,1,,,,,,,1,,,,,,,,1,,,,,,,,,1,,1,,,2,1,,,,,,,,,,,,,,,,,,,,,,1,,,,,,,,,,,,,
Pentaclethra macrophylla,TRSH,pollen,NISP,,,,,,,,,,,,,,,,,,,,,,,,,,,,,,,,,,,,,,,1,,,,,,,,,,,,,,1,,1,,,,,,,,,,,,,,,,,,,,,1,1,4,,,,,,,,,,,,7,,,,,,,,,,,,,,,,,,,,,,,,,,,,,,,,,,,,,,,,,,,,,,,,,,,,,,,,,,,,,,,,,,,,,,,,,,,,,,,,,,,,,,
Persicaria senegalensis-type,UPHE,pollen,NISP,,,,,,,1,,,,,,,,,,,,,,,2,,,,,,,,,,,,2,,,,,,,,,,,,,,,,1,2,,1,,,1,,,,,1,,,,,,,,,,,,,,,,,,,,,,,,1,,,,,,,,,,,,,,,,,,,,,,,,,,,,,2,,1,,,,1,,,,,1,,,,,,1,1,1,,,,,1,,,3,,,,,,,,,,,,,,,,,3,,1,,,,,,,,,,,,,,,,
Phaulopsis,TRSH,pollen,NISP,,,,,,,,1,,,,,,,,,,,,,,,,,,,,,,,,,,,,,,,,,,,1,,,,,,,,,,,,,,,,,,,,,,,,,,,,,,,,,,,,,,,,,,,,,,,,,,,,,,,,,,,,,,,,,,,,,,,,,,,,,,,,,,,,,,,,,,,,,,,,,,,,,,,,,,,,,,,,,,,,,,,,,,,,,,,,,,,,,
Phoenix,PALM,pollen,NISP,,,,,,,,,,,,,,,,,,,,,,,,6,,,,,,,,,,,,,,,,,,,,,,,,,,,,,,,,,,,,,,,,,,,,,,,,,,,,,,,,,,,,,,,,,,,,,4,,,,,,,,,,,,,,,,,,,,,,,,,,,,,,,,,,2,1,,,,,,,,,,,,,,,,,,,,,,,,,,,,,,,,,,,,,,,,,,,,,,,,
Phyllanthus-type,UPHE,pollen,NISP,,,,,,,,,,1,,,,,,,,,,,,,,,,,,,,,,,1,,,,,,,,,1,,,3,,,,,,,,,,,,,,1,3,,,,,,,,2,,2,1,,,,,2,1,,,,,,,,1,1,1,1,1,,,,,1,,,,1,,,,3,,,,,,,,,,,,,,,,,,,2,,,,,,,,1,,,,2,,,2,1,,,,,,,,,,,1,,,,,,,,,,,,,,,,,,,,,,,,,,,,
Plantago,UPHE,pollen,NISP,,,,,,,,,,,,,,,,,,,,,,,,,,,,,,,,,,,,,,,,,,,,,,6,,,,,,,,,,,,,,,,,,,,,,,,,,,,,,,,,,2,,,,,,,,,,1,,,,,,,,,,,,,,,,,,,,2,,,,1,,,1,,,1,,,,,,,,,,,,,,,,,,,1,,,,,,,,,,,,,,,,,,,,,,,,,,,,,,,,,,,,,
Poaceae undiff.,UPHE,pollen,NISP,,27,72,24,29,53,31,120,58,104,107,65,123,118,152,173,195,154,97,116,77,48,44,76,41,79,58,81,43,92,100,36,63,57,56,56,96,63,85,87,73,40,89,91,52,86,103,125,53,46,18,5,68,57,39,93,84,70,69,171,118,38,123,76,63,39,83,80,54,38,20,26,21,18,19,26,14,10,8,7,10,6,9,13,3,4,12,3,11,6,,10,9,4,7,4,5,5,5,3,11,5,8,11,18,9,7,12,24,17,11,9,13,31,20,17,38,38,38,41,108,84,30,181,160,166,165,112,157,90,44,186,128,184,103,121,130,145,135,180,222,192,237,312,272,229,244,277,273,226,380,289,241,385,265,264,252,239,306,224,182,256,185,168,99,104,159,161,100,83,193,99,245,258,249,278
Podocarpus,TRSH,pollen,NISP,,,,1,,,2,,,,1,,,4,3,,7,,5,5,5,1,3,11,1,8,1,,1,3,5,4,,2,,4,5,2,4,9,4,3,13,7,19,22,6,24,11,29,13,1,13,14,5,8,10,8,14,48,32,23,27,44,20,23,39,28,61,164,136,149,106,62,55,84,83,77,61,47,46,31,51,22,58,42,20,42,43,35,53,50,51,61,54,93,90,139,149,69,101,43,42,109,94,125,48,62,111,57,81,58,47,76,64,59,30,9,12,4,7,4,8,15,19,30,27,10,10,18,2,17,6,33,11,26,3,10,8,5,3,7,3,4,3,2,1,2,4,15,3,8,10,5,4,5,8,7,10,5,6,12,7,10,7,3,6,9,3,8,18,5,9,10,16,11
Polygala-type,UPHE,pollen,NISP,,,,,,,,,,,,,,,,,,,,,,,,,,,,,,,,,,,,,,,,,,,,,,,,,,,,,,,,,,,,,,,,,,,,,,,,,,,,,,,,,,,,,,,,,,,,,,,,,,,,,,,,,,,,,,,,,,,,,,,,,,,,,,,1,,,,,,,,,,,,,,,,,,,,,,,,,,,,,,,,,,,,,,,,,,,,,,,,,
Polypodiophyta (monolete, not smooth),VACR,spore,NISP,,1,9,6,1,3,12,3,9,5,2,5,,,7,5,7,2,2,8,4,12,3,18,4,5,18,4,7,7,12,25,,11,4,9,8,9,17,8,4,11,9,12,9,38,4,3,5,19,17,4,13,3,18,28,11,4,30,6,,40,16,26,49,80,12,20,19,12,5,4,2,17,18,8,1,12,10,5,8,3,5,9,19,5,2,11,14,4,11,15,8,7,5,4,16,11,2,14,16,4,18,4,8,20,33,9,13,11,24,15,20,27,10,26,14,19,12,13,7,,7,5,1,6,6,16,7,10,9,8,9,3,5,9,7,10,1,34,9,2,4,13,9,4,7,1,6,5,8,1,9,,7,2,5,1,7,2,2,6,5,4,9,14,2,4,14,7,5,12,3,1,3,3
Polypodiophyta (monolete, smooth),VACR,spore,NISP,,25,65,29,20,17,33,72,44,40,19,16,29,6,52,9,12,7,15,7,16,12,20,30,17,46,24,28,34,47,33,6,25,21,22,41,17,37,45,22,7,4,50,42,54,55,57,51,49,37,28,19,66,29,45,55,40,36,39,29,49,33,52,67,72,36,100,66,75,46,43,34,69,,38,39,49,40,21,32,38,25,19,10,23,43,40,45,33,24,25,30,11,26,15,18,8,20,17,32,16,3,12,16,25,37,15,17,31,29,26,21,11,18,22,32,13,16,13,9,11,9,1,7,14,5,18,,12,26,14,16,18,14,20,37,7,10,16,15,6,11,20,15,5,18,8,9,8,16,10,10,52,27,20,16,10,14,29,12,9,21,11,9,26,10,24,12,8,15,20,21,19,19,13,41
Polypodiophyta (trilete, not smooth),VACR,spore,NISP,,,3,5,,1,1,2,3,4,2,,,1,1,1,5,,,1,2,,1,14,7,,11,1,3,3,2,7,1,6,1,,10,9,8,3,1,25,2,13,2,14,2,,,14,3,,10,1,14,10,,2,12,5,,24,52,57,95,71,2,3,6,3,3,1,2,,7,1,3,7,3,8,10,4,1,1,5,8,3,6,6,,3,3,5,,2,,1,1,2,11,9,1,7,4,1,13,15,4,1,7,9,10,4,10,3,8,3,8,,4,2,1,6,2,,5,8,21,2,6,2,1,1,6,,10,4,4,7,13,,14,21,33,6,7,6,11,4,11,1,5,2,5,6,6,5,16,6,2,4,3,1,1,6,12,2,4,27,21,12,11,3,,7,5
Polypodiophyta (trilete, smooth),VACR,spore,NISP,,,8,7,5,6,12,4,5,7,4,4,7,14,12,8,20,7,10,7,1,6,8,13,8,8,8,1,2,18,2,5,2,5,4,11,19,6,10,11,4,,15,13,10,18,5,10,,18,15,10,8,12,11,12,12,22,17,12,3,12,9,13,14,35,19,26,18,4,4,4,10,2,3,4,3,3,2,1,,1,2,1,4,6,1,6,,1,3,2,4,1,3,1,3,2,5,3,1,1,7,5,5,8,7,2,2,7,2,6,5,5,5,11,6,9,7,2,11,8,,3,12,11,22,4,11,9,3,36,6,17,4,8,,2,1,6,,5,,8,2,3,4,2,1,4,5,2,2,2,5,1,3,2,1,,1,2,5,,,3,1,2,1,,1,,3,,2,1
Polyscias,TRSH,pollen,NISP,,,1,,1,1,,,,,,,,,,,,,,,,,,1,,1,,,,1,,,,,,,,,,,,2,,,,,,,,,5,,,,,,,,,,,,,,,,,,,,,,,,,1,,1,,,,,,,,4,,2,,1,1,,1,10,3,2,,6,,,,1,,,,,3,,,1,1,,,,,,2,,2,,,1,,,5,11,,,,,,,,2,,,1,3,6,,1,1,,,1,,,1,2,,,,,,,,,1,,,,,,,,,,,,,,,,,,
Potamogeton,AQVP,pollen,NISP,,,,1,,1,,,,,,,,,1,,,,,,,14,13,20,21,,6,7,3,4,1,11,,1,2,,2,1,4,,,35,,,,13,,,,,17,,2,,18,4,,,30,1,2,29,,,1,3,,2,,,1,3,,3,,1,,,,,,3,,3,,1,,,2,1,2,,5,3,7,,11,7,1,2,2,,6,,2,2,13,2,4,,,3,16,3,,5,40,,,2,,,8,19,,,10,,,,6,,,,,,,1,,,,,5,,1,,,,1,,,,,,,,,3,,,,,,,,,,,,,,,,,,
Primulaceae undiff.,UPHE,pollen,NISP,,,,,,,,,,,,,,,,,,,,,,,,,,,,,,,,,,,,,,,,,,,,,,,,,,,,,,,,,,,,,,,,,,,,2,,,,,,,,,,,,,,,,,,1,,,,,,,,,,1,,,1,,,,,,,,,,,,,,,,,,,,,,,,,,,,,,,,,,,,,,,,,,,,,,,,,,,,,,,,,,,,,,,,,,,,,,,,,,,,,
Prunus,TRSH,pollen,NISP,,,,2,2,1,,3,,,,,1,,1,,,2,,,,,,,,,,,,,,,7,2,,4,9,,1,6,,,2,,,,,1,1,,,,,2,4,,5,7,,1,,,1,,,,,1,,,,,1,,2,,3,2,,5,,1,1,,3,1,,7,2,,4,,,1,,,,,,,,,,3,,,,,,,,,,,,,,,3,,,1,,,,1,,,2,,,6,,,,1,,5,,,,,,2,,,,,,4,,,,,1,,,1,,1,,4,2,4,1,1,,,,1,,3,,,,
Pseudospondias-type,TRSH,pollen,NISP,,,,,,,,,,,,,,,,,,,,,,,,,,,,,,,,,,,,,,,,,,,,,,,,,,,,,,,,,,,,,,,,,,,,,,,,,,,,,1,,1,,,,,,,1,,,,1,,,,2,,,,,1,,,,,,,,,,,,1,,,,,,,,,,,,,,,,,,,,,,,,,,,,,,,,,,,,,1,,,,,,,,,,,,,,,,,,,,,,,,,,,,
Psorospermum,TRSH,pollen,NISP,,,,,,,,,,,,,,,,,,,,,,,,,,,,,,,,,,,,,,,,,,,,,,,,,,,,,,,,,,,,,,,,,,,,,,,,,,,,,,,,,,,,,,,,,,,,,,,,,,,,,,,,,,,,,,,,,,,,,,,,,,,,,,,,,,,,,,,,,,,,,,,,,,,,,,,,,,,,,,,,,,,,,,,,,,,,,,,1,
Psydrax subcordata,TRSH,pollen,NISP,,,,,,,,,,,,,,,,,,,,,,,,,,,,,,,1,,,,,,,,,,1,,,,,,,,,,,,,,,,,,,,,,,,,,,,,,,,,,,,,,,,,,,,,,,,,,,,,,,,,,,,,,,,,,,,,,,,,,,,,,,,,,,,,,,,,,,,,,,,,,,,,,,,,,,,,,,,,,,,,,,,,,,,,,,,,,,,,,,
Pteris,VACR,spore,NISP,,,,,,,,,,,,,1,,,,,,,,,,,,,3,,,,,,,,,,5,,,,3,,,5,,10,,5,4,3,,,7,,3,,,9,5,,2,,,,,,,,,,,,,,,,,,,,,,,,,,,,,,,,,,,,,,,,,,,,,,,,,,,,,,,,,,,,,,,,,,,,,,,,,,,,,,,,,,,,,,,,,,,,,,,,,,,,,,,,,,,,,,,,,,,,
Pterygota,TRSH,pollen,NISP,,1,,,,,,,,,,,,,,,,,,,,,,,,,,,,,,,,,,,,,,,,,,,,,,,,,,,,,,,,,,,,,,,,,,,,,,,,,,,,,,,,,,,,,,,,,,,,,,,,,,,,,,,,,,,,,,,,,,,,,,,,,,,,,,,,,,,,,,,,,,,,,,,,,,,,,,,,,,,,,,,,,,,,,,,,,,,,,,
Pycnanthus,TRSH,pollen,NISP,,,,,,,,,,,,,,,,,,,,,,,,,,,,,,,,,,,,,,,,,,,,,,,,,,,,,1,,,,,,,,,,,,,,,,,2,,,,,,1,1,,1,,1,,,,2,1,1,,,,,,,,1,,,,,,,,,,,1,,,,,1,,,,,,,,,,,,,,,,,,,,,,,,,,,,,,,,,,,,,,,,,,,,,,,1,,,,,,,,,,,,,,,,,,
Rapanea,TRSH,pollen,NISP,,,,2,,4,,,,1,,,,,,,3,1,,3,,1,1,1,,,1,,,2,1,,1,1,2,6,9,1,10,8,6,2,6,4,1,4,5,1,2,2,1,1,1,3,13,6,5,9,2,4,3,19,12,2,6,4,15,8,6,17,16,10,9,,11,6,5,7,16,2,7,13,10,1,8,14,4,11,11,9,12,4,6,7,11,7,8,5,12,7,5,4,,10,21,28,4,18,11,13,23,18,14,12,15,7,11,9,22,19,39,23,3,11,30,19,4,17,13,9,,18,4,7,1,3,2,1,2,,,,,,,1,,,,3,1,,2,,1,,3,2,3,,1,1,4,3,,1,2,,,3,1,,3,2,1,1
Rhamnaceae undiff.,TRSH,pollen,NISP,,,,,,,,,,,,,,,,,,,,,,,,,,,,,,,,,,,,,,,,,,,,,,,,,,,,,,,,,1,,,,,,,,,,,,,,,,,,,,,,,,,,,,,,,,,,,,,,,,,1,,,,,,,,,,,,,,,,,,,,,,,,,,,,,,,,,,,,,1,,,,,,,,,,,,,,,,,,,,,,,,,,,,,,,,,,,,,,,,,
Rhamnus-type,TRSH,pollen,NISP,,,,,,,,,,,,,,,,,,,,,,,,,1,,,,,,1,1,,,,,,,,,,,,,,,,,,,,,,,,,,,,,,,,,,,,1,,,,1,,,1,,,,,1,2,,1,,,,,,,,,,,,,,,,,,,,,,,,1,,,1,,,,,1,,,,,,,,1,2,,,,,,,,,,1,,,,1,,,,,,,,,,,,1,,1,,,,,,,,,,1,,1,1,,,,,,,,,,,
Rhus-type,TRSH,pollen,NISP,,,,,,,,,,,,,,,,,,,,,,,,,,,,,,,,,,,,,,,,,,,,,,,,,,,,,,,,,,,,,,,,,,,,,,,,,,,,,,,,,,,,,,,,,,1,,,,,1,,,,,,,,,,,,,,,,,,,,,,,,,,,,,,,,,1,,,,,,,,,,,,,,,,,,,,,,,,,,,,,1,,,,,,,,,,,,,,,,,,,
Ricinus communis,UPHE,pollen,NISP,,,,,,,,,,,1,,,,1,,,,,,,,1,,2,,,,,,,,,,,,,3,1,,,,,,,,,,,,,,,,,,,,,2,,,,,,,,2,,,,,,,,,,,,,,,,,,,,,,,,,,,,,,,,,,,,,,,,,,,,,,,,,,,,,,,,,,,,,,,,,,,,,,,,,,,,,,,,,,,,,,,,,,,,,,,,,,,,,,,,,,,,
Rosaceae undiff.,UPHE,pollen,NISP,,,,,,,,,,,,,,,,,,,,,,,,,,,,,,,,,,,,,,,,,,,,,,1,,,,,,,,,,,,,1,,,,,,,,,,,,,,,,,,,,,,,,,,,,,,,,,15,,,,,,,,,,7,,,,,,,,,,2,1,,,,,,,4,,21,1,5,,,,,,,,,,,,,,,,,,,,,,,,,,,,,,,,,,,,,,,,,,,,,,,,,,,,
Rubiaceae undiff.,TRSH,pollen,NISP,,,,,,,,,,,,,,,,,,,,,,,,,,,,,,,,,,,,,,,,,,,,,,,,,,,,,,,,,,,,,1,,,,,1,,,,,,,,1,,,,,,,,,,,,,,,,,,,5,,,,,,1,,,,,,1,,,,,,,,1,,,,1,,,,,,3,,,,2,,,,,,,,,,,,,,,,,,,,,,,,,,,,,,,,,,1,,,,,,,,,,,,,,,
Rubus,TRSH,pollen,NISP,,,1,,,5,,,1,,1,1,,,1,,1,,,,,1,,3,,,,,,,,1,1,,2,,,,,1,,,,,,,,,4,,,,1,,3,,,,,,,,1,,2,,6,,,,,,1,,,,2,2,,1,4,3,1,,10,4,2,2,5,9,1,,1,7,9,4,,6,4,,6,,,,13,4,,6,1,4,24,5,,,3,13,,17,12,,12,21,2,,11,5,1,1,,4,,1,1,2,,7,,1,1,,,,,1,,,2,,,2,1,,,,2,3,,,1,,2,8,7,7,2,2,1,,1,1,6,5,6,3,,
Rumex,UPHE,pollen,NISP,,,,,,,,,,1,,,,1,,,,,,,1,,,,,1,,,,2,1,,,,,,1,,3,,,,,,,,,,,,,,1,,,,,1,,1,,1,,,,,1,,,,,,,,1,,,,,,,1,,,1,,2,,1,,1,,,,,,,,1,,,,,,,,2,1,,,,,1,,,1,,2,,,2,,1,,,2,3,,,2,,4,,1,,,,1,,,,,1,1,,2,,1,1,1,2,3,1,8,9,7,7,4,4,,1,2,,,1,,2,1,,,2,1,3,,2,3
Salix,TRSH,pollen,NISP,,,,,,,,,,,,,,,,,,,,,,,,,,,,,,,,,,,,,,,,,,,,,,,,,,,,,,,,,,,,,,,,,,,,,,,,,,,,,,,,,,,,,,,,,,,,,,,,,,,,,,,,,,,,,,,,,,,,,,,,,,,,1,,,,,,,,,,,1,,,,,,,,,,,,,,,,,,,,,,,,,,,,,,,,,1,,,,,,,,
Sample quantity,LABO,volume,ml,,0.5,0.5,0.5,0.5,0.5,0.5,0.5,0.5,0.5,0.5,0.5,0.5,0.5,0.5,0.5,0.5,0.5,0.5,0.5,0.5,0.5,0.5,0.5,0.5,0.5,0.5,0.5,0.5,0.5,0.5,0.5,0.5,0.5,0.5,0.5,0.5,0.5,0.5,0.5,0.5,0.5,0.5,0.5,0.5,0.5,0.5,0.5,0.5,0.5,0.5,0.5,0.5,0.5,0.5,0.5,0.5,0.5,0.5,0.5,0.5,0.5,0.5,0.5,0.5,0.5,0.5,0.5,0.5,0.5,0.5,0.5,0.5,0.5,0.5,0.5,0.5,0.5,0.5,0.5,0.5,0.5,0.5,0.5,0.5,0.5,0.5,0.5,0.5,0.5,0.5,0.5,0.5,0.5,0.5,0.5,0.5,0.5,0.5,0.5,0.5,0.5,0.5,0.5,0.5,0.5,0.5,0.5,0.5,0.5,0.5,0.5,0.5,0.5,0.5,0.5,0.5,0.5,0.5,0.5,0.5,0.5,0.5,0.5,0.5,0.5,0.5,0.5,0.5,0.5,0.5,0.5,0.5,0.5,0.5,0.5,0.5,0.5,0.5,0.5,0.5,0.5,0.5,0.5,0.5,0.5,0.5,0.5,0.5,0.5,0.5,0.5,0.5,0.5,0.5,0.5,0.5,0.5,0.5,0.5,0.5,0.5,0.5,0.5,0.5,0.5,0.5,0.5,0.5,0.5,0.5,0.5,0.5,0.5,0.5,0.5
Santiria-type,TRSH,pollen,NISP,,,,,,1,,,,,,,,,1,,,,,,,,,,,,,,,1,,,,,,,,,,,,,,,,,,,,,,,,,,,,,,,,,,,,,,,,,,,,,1,,,1,2,,,2,1,,2,,1,,1,,1,,,1,,,1,,1,,,,,,,,,,,,,,,,,2,,,,,,,,,,,,,,,,,,,,,,,,,,,,1,,,,,,,,,,,,,,,,,,,,,,,,,,,,,,,,
Sapindaceae undiff.,TRSH,pollen,NISP,,,,,,,,,,,,,,,,,,,,,,,,,,,,,,,,,,,,,,,,,,,,,,,,,,,,,,,,,,,,1,,,,,,,,,,,,,,,,1,,,,,,,,,,,,,,,,,,,,,,,,,,,,,,,,,,,1,,,,,,,,1,,,,,1,,,2,,,,,,,,,,,,,,,,,,,,,,,,,,,,,,,,,,,,,,,,,,,,,1,,,,
Sapotaceae undiff.,TRSH,pollen,NISP,,,,1,,,,,,,,2,,,,,,,,,,,,,,,1,,,,,,,,,,,,,,1,,,,,,,,,,,,,,,,,,,,,1,,,,,,,,,1,,1,,,,,1,,,,,,,,,,,1,,,,1,,,,1,,,,,,1,,,,,,,,,,,3,,,,,,,,,1,2,1,,,,1,,,,,,,,,1,,2,,3,1,,1,,3,3,1,1,,3,,,,2,1,,,2,,2,,,,,,,1,,,,,,,
Sauvagesia erecta,UPHE,pollen,NISP,,,,,,,,,,,,,,,,,,,,,,,,,,,,,,,,,,,,,,,,,,,,,,,,,,,,,,,,,,,,,,,,,,,,,,,,,,2,,,,,,,,,,,,,,,,,,,,,,,,,,,,,,,,,,,,,,,,,,,,,,,,,,,,,,,,,,,,,,,,,,,,,,,,,,,,,,,,,,,,,,,,,,,,,,,,,,,,,,
Schefflera,TRSH,pollen,NISP,,27,42,100,50,77,40,114,23,41,2,1,2,5,1,7,10,19,45,2,8,19,15,32,6,47,16,22,21,31,58,31,67,37,52,132,106,37,62,147,102,42,82,75,110,78,81,118,84,57,20,1,69,65,44,62,107,119,45,46,54,44,46,34,23,17,47,37,44,28,62,19,35,50,91,60,134,117,194,231,144,138,176,132,183,137,181,120,202,207,189,143,117,117,159,137,74,87,81,141,118,28,101,195,92,66,74,127,54,122,76,162,82,142,89,106,99,90,179,51,82,86,13,45,52,17,21,17,13,,9,12,58,32,23,42,68,51,38,39,10,,7,2,4,3,1,3,,,4,2,1,1,,2,,2,2,,,28,4,,,1,4,1,,,1,,,1,,
Schrebera,TRSH,pollen,NISP,,,,,,,,,,,,,,,,,,,,,,,,,,,,,,,,,,,,,,,,,,,,,,,,,,,,,,,,,,,,,,,,,,,,,1,,,,,,,,,,,1,,,,,,,,,,,,,,,,,,,,,,,,,,,,,,,,,,,,,,,,,,,,,,,,,,,,,,,,,,,,,,,,,,,,,,,,,,,,,,,,,,,,,,,,,,,,,,,,
Sebaea,UPHE,pollen,NISP,,,,,,,,,,,,,,,,,,,,,,,,,,,,,,,,,,,,,,,,,,,,,,,,,,,,,,,,,,,,,,,,,,,,,,,,,,,,,,1,,,,,,,,,,,,,,,,,,1,,,,,,,,,,,,,,,,,,,,,,,,,,,,,,,1,,,,,,,,,,,,,,,,,,,,,,,,,,,,,,,,,,,,,,,,,,,,,,,,,
Solanaceae undiff.,UPHE,pollen,NISP,,,1,1,1,1,3,4,,2,,7,1,,,,2,1,1,1,,3,,1,,5,,1,,3,1,1,,1,1,9,,3,5,3,,1,7,8,2,2,4,5,3,2,,,7,3,1,,1,3,,1,,,,2,,1,5,,,,3,1,3,,6,,1,,,1,3,3,7,11,,,9,2,,2,1,,1,,1,1,4,1,1,1,,,1,1,,1,5,4,3,12,3,1,3,,10,8,6,2,4,7,4,6,3,3,10,12,11,11,11,18,23,10,7,10,9,,11,10,6,4,4,5,3,5,10,7,4,5,1,8,7,8,15,10,8,6,12,23,6,3,3,4,2,6,14,6,9,8,2,1,12,5,11,12,12,9
Sorindeia-type,TRSH,pollen,NISP,,,,,,,,,,,,,,,,,,,,,,,,,,,,,,,,,,,,,,,,,,,,,,,,,,,,,,,,,,,,,1,,,,,,,,,,,,,,,,,,,,,,,,,,,,,,,,,,1,,,,,,,,,,,,2,,,,3,1,,,,,,5,,,,,,,,,,,,,,,,,,,,,,,,,,,,,,,,,,,,,,,,,,,,,,,,,,,,,,,,,,
Spermacoce-type,UPHE,pollen,NISP,,,,,,,,,,,1,,,,18,,,,,,,,,,,,,,,,,,,,,,,,,,,,,,,,,,,,,,,,,,,,,,,,,,,,,,,,,,,,,,,,,,,,,,,,,,,,,,,,,,,,,,,,,,,,,,,,,,,,,,,,,,,,,,,,,,,,,,,,,,,,,,,,,,,,,,,,,,,,,,,,,,,,,,,,,,,,,,,,,
Stephania-type (S. abyssinica),UPHE,pollen,NISP,,,1,,,,,,,,,,,,,,,,,,,,,,,,1,2,1,,,,1,3,1,,,,1,,,,,1,,1,,,,,,,,,1,,,,2,,,,1,,,,1,1,2,1,1,,2,1,3,1,1,1,,,1,1,1,,1,1,,,1,1,1,,,2,1,1,5,2,1,1,,,,2,,2,,,3,2,1,,,1,,,,,2,,,1,,,,,,,,,,1,1,,,,1,,,,1,2,,,,,,1,,,,,1,,,,,,,,,,,,,,,,1,,,2,,,1,
Sterculia-type,TRSH,pollen,NISP,,1,,4,,,,,,,,,,,,,,,,1,,,,,,,,,,,,,,,,,,,,,,,,,,,,,,,,,,,,,,,,,1,,,,,,,,,,,,,,,,,,1,3,,,,,,,,,,1,,,,1,,,3,,,,,,,,,,,,,,,,,,,,,,,,,,,,,,,,,,,,,,,,2,,,1,,,,,,,,,,,,,,,,,,,,,,2,1,,,,,,,,,,,,,
Streptocarpus,UPHE,pollen,NISP,,,4,,,,1,,1,,1,,,,,,1,,,,,,,4,,,3,1,,,,,,1,3,,,2,1,,,,,1,,,,,,,,,,,,7,,,1,,,4,4,3,5,1,2,2,1,1,4,,1,,5,3,3,1,4,7,1,5,8,,7,11,4,7,4,1,,,,,7,2,,2,5,11,7,,1,7,8,9,8,18,16,6,8,6,,5,1,3,,,2,,5,2,,,8,12,1,,9,10,8,,,4,,,,,6,8,3,1,1,,2,,,,,,,,,,,,,,,,,,,,,,,,,,,,,,,
Strombosia,TRSH,pollen,NISP,,,,,,,,,1,,,,,,,,,,,,,,,,,,,,1,,,,,,,,,,,,,,,,,,,,,,,,,,,,,,,,,,1,,1,,,,,,,,,,,,,,,,,,,,,,,,,,,,,,,,,,,,,,,,,,,,,,,,,,,,,,,,1,,,,2,1,,1,2,1,,,,,,1,4,,1,1,1,,,,,1,2,,,,,3,,,,,,1,,,,1,1,1,,,,,,,1,,,1,,
Swertia-type (S. abyssinica),UPHE,pollen,NISP,,,,,,,2,,,,,,,,,,,,,,,,,,,,,,1,,,,,1,,,,,,,,,,,,,,,,,,,,,,,,,,,,,1,,,,1,,,,,,,,,,,,,,,,,,,,,,,,,,,,,,,,,2,,,,,,,,,,,,,,,,,,,,,,,,,,,,,,,,,,,,,,,,,,,,,,,,,,,,,,,,,,,,,,,,,,,1,1,,,,,,,2,
Tapinanthus-type,TRSH,pollen,NISP,,,1,,,,,,,,,,,,,,,,,,,,,1,,,,,,,,1,,,,,1,,,1,,,2,,,,,1,,,,,,,,,,,1,,,,,,,,,,,,,,,,1,,,,,,,,,,,,,1,,,,2,2,1,,,,,,1,,,2,1,,,,,1,,,,,3,,,,1,,,,,,,1,2,,,,,1,,,,,1,3,1,,,1,3,10,6,5,4,8,4,6,,,,,,,,,1,,,,1,,,,,,,,,,,,,,
Tapura fischeri-type,TRSH,pollen,NISP,,,,,,,,,,1,,,,,,,,,,,,,,,,,,,,,,,,,,,,,,,,,,,,,,,,,,,,,,,,,,,,,,,,,,,,,,,,,,,,,,,,,,,,,,,,3,,,,,1,,,,,,,,,,,,,,,,,,,,1,,,,,,,,2,,,,,1,,,,,,,,,,,,,,,,,,,,,,,,,,,1,,,,,,,,,,,,,,,,,,,,,
Tarenna-type,TRSH,pollen,NISP,,,,,,,,,,,,,,,,,,,,,,,,1,,,,,,,1,,,,,,,,1,,,,,1,,1,,,,1,,2,,,2,,,,,,,1,,,1,,4,2,,,,3,4,,,3,,2,1,2,3,2,2,,,,,2,,1,,,3,,1,,1,2,,,,,1,3,4,,,1,2,1,,,2,,2,4,,1,,,,,,,,,,,,1,,,,2,,2,,,,,,,,,,,,,,,,,,,,,,,,,,,,,,,,,,,,,,,,
Teclea-type,TRSH,pollen,NISP,,,,,,,,,,,,,,,,,,,,,,,1,,,,,,,3,,,,,1,,,3,,,,,,,,,,,,,,,,,,,,,,,,,,,,,,,,,2,,,,,,,,,,,,,,,,,,,,,,1,,,,,,,,,,,,,,,,,,,,,,,,,,,,,,,,1,,,,,,,,,1,1,,1,,,,,,,,,,,1,,,,,,,,,,,,,,,,,,,,,,,,,,,,
Tetracera,TRSH,pollen,NISP,,,,,,,,,,,,,,,,,,,,,,,,,,,,,,,,,,,,,,,,,,,,,,,,,,,,,,,,,,,,,,,,,,,,,1,,,,,,,,,,,,,,,,,,,,,,,,,,,,,,,,,,,,,,,,,,,,,,1,,,,,,,,,,,,,,,,,,,,,,,,1,,,,,,,,,,,,,,,,,,,1,,,,,,,,,,,,,,,,,,
Tetrorchidium,TRSH,pollen,NISP,,,1,,,,,,,1,,,,,,1,,,,,,1,,2,,,,,,,,1,,,,,,,,,,,,1,,,,,,,,,,,1,,,,,,1,,1,,,,,,2,1,,2,2,,1,6,2,5,2,,1,1,,,4,3,4,2,5,3,1,2,4,1,,6,3,4,1,3,7,2,5,10,6,,,,,,1,1,,,,1,,,2,,,1,,,1,,,,,,,,,,,,,,,2,1,,,,,,,,,,,,1,,,,,,,,,1,,,,,5,3,3,5,,,,,,
Thalictrum,UPHE,pollen,NISP,,,,,,,,,,,,,,,,,,,,,,,,,,,,,,,,,,,,,,,,,,,,,,,,,,,,,,,,,,,,,,,,,,,,,,,,,,,,,,,,,,,,,,,,,,,,,,,,,3,1,,,,,,,,,,,,,,,,,,,,,,,,,,,,,,,,,,,,,,,,,,,,,,,,,,,,,,,,,,,,,,,,,,,,,,,,,,,,,,
Thecacoris,TRSH,pollen,NISP,,,,,,,,,,,,,,,,,,,,,,,,,,,,,,,,,,,,,,,,,,,,,,,,,,,,,,,,,,,,,1,,,,,,,,,,,,,,,,,,,,,,,,,,,,,,,,,,,,,,,,,,,,,,,,,,,,,,,,,,,,,,,,,1,,,,,,,,,,,,,,,,,,,1,,,,,,1,,,,,,,,,,,,,,,,,,,,,,,,,
Thecacoris-type,TRSH,pollen,NISP,,,,,,,,,,,,,,,,,,,,,,,,,,,,,,,,,,,,,,,,,,,,,,,,,,,,,,,,,,,,,,,,,,,,,,,,,,,,,,,,,,,,,1,,,,,,,,1,,,,,,,,,,,,,,,,,,,,,,,,,,,,,,,,,,,,,,,1,,,,1,,,,2,,,,1,,,,,,1,,,,,1,,,,,,,,,,,,,,,,,,,,1,
Trilepisium-type (T. madagascariense),TRSH,pollen,NISP,,,,,,,,,,,,1,,,,,3,,,,,,,1,,,,,,1,,,,,,,1,,,,,,,,,,,,,,,,,,,,,,,,,4,,,,,3,1,,2,,1,,,,,3,,1,,1,,,,1,3,1,1,,,,,1,1,6,,,,,,,,,,,2,1,2,3,,,,2,,,2,1,,3,1,6,1,,,,1,1,2,2,2,3,3,3,,3,,2,,12,,,,,1,,,,,,,,,1,,1,,,1,,1,1,,3,6,2,,1,,,,4,,2,,,
Triumfetta-type,TRSH,pollen,NISP,,,,,,,,,,,,,,,,,,,,,,,,,,,,,,,,,,,,,,,,,,,,,,,,,,,,,,,,,,,,,,,,,,,,,,,,,,,,,,,,,,,,,,,,,,,,,,,,,,,,,,,,,,,,,,,,,,,,,,,,,,,,,,,,,,,,,,,,,,,,,,,,,,,,,,,,,,1,,,,,,,,,,,,,,,,,,,,,,
Typha,AQVP,pollen,NISP,,1,,1,,,,,,2,,,,,,,,,,18,,1,,1,,,7,,,,,,,1,,,1,,,,1,,,,,,,,,,,,3,,,,,,,,2,,,,,,,,,,,,,1,,,,,,,,,,,,,,1,,,,,,,,,,,,1,,,,,,,,,,1,1,,,2,,,,,,,,1,,,,1,1,,,,2,,,,,1,,,2,3,,,,,,,,,,,,,,2,,,,,,1,2,,1,,,,,,,,,,,2,1,
Uapaca,TRSH,pollen,NISP,,,,,,1,4,,,,1,1,,,,,1,,,1,,,,,,,1,,,2,,,,1,,,,1,1,,1,,,,1,2,,,,,,,,,,1,,,,,,2,,,,2,1,1,,1,,,,,,2,,,,,,2,,,,,,,3,,,,,2,,,1,,1,,3,,,,,,,1,,3,1,1,1,,,1,6,,,,1,,,3,,,,1,1,1,,1,1,,,,,,1,,2,,1,,,,,,,,,,,,,,,,,,,1,,,,,,,,,,,,,,
Unknown,UNID,pollen/spore,NISP,,6,,12,1,2,5,,2,,,4,,1,2,,3,1,,19,,7,,15,,3,1,,,2,2,16,,,,1,5,,5,1,1,20,2,8,2,12,2,1,1,13,4,,1,1,15,14,1,5,11,,45,32,14,2,4,38,10,11,16,9,,31,5,28,10,14,6,20,5,9,4,27,5,21,4,25,6,22,4,9,12,29,68,28,6,2,53,15,5,11,8,56,65,8,8,17,40,19,9,16,13,37,21,9,4,11,16,7,18,29,16,57,64,24,7,5,18,18,5,7,11,35,31,19,42,30,5,23,4,27,4,11,9,7,8,15,14,10,12,30,6,6,22,39,7,19,26,27,22,4,16,9,19,21,9,17,25,15,6,11,49,9,29,23,33,9
Urticaceae undiff.,UPHE,pollen,NISP,,,,,,,,,,1,,,,,,,,,,5,,,,,,,,,,1,,,,,,,,,,,1,,,,,,,,,,,,1,,,,,,,,,,,,,,,,,,,,,,,,,,,,,,,,,,,,,3,,,1,,,,,,,,,,,,4,,,,,,,,,,,10,,18,46,,,,,,,,,,,3,,,,,,,4,8,,,,,,,,,3,,1,,,,,,2,,,2,,1,,,1,,3,,2,2,,1,,,,,,
Wahlenbergia,UPHE,pollen,NISP,,,,,,,,,,,,,,,,,,,,,,,,,,1,,,,,,,,,,,,,,,,,,,,,,,,,,,,,,,,,,,,,,,,,,,,,,,,,,,,,,,,,,,,,,,,,,,,,,,,,,,,,,,,,,,,,,,,,,,,,,,,,,,,,,,,,,,,,,,,,,,,,,,,,,,,,,,,,,,,,,,,,,,,,,,,,,,,,,
Xyris,UPHE,pollen,NISP,,,,,,,,,8,9,6,2,,,10,1,5,,,1,,,,,,,,,,,2,,,1,,,,,,,,,,,,,,,,,,,1,,,,,,,,,,,,,,,,,1,1,,,,,1,1,,3,2,,,,,2,1,1,,1,,1,,,1,,1,1,,,1,,,,,,,,,,,,,,,,,,,1,,,1,,,,,,,,,,,,,1,,,,,,,,,,,,,,1,,,,,,4,2,,,,,,,,,,,,,,,,,,,,
Zanthoxylum-type,TRSH,pollen,NISP,,,,,,,,,,,,,,,,,,,,,,,1,,,,,,,3,,,,,,,2,,,,,,,,,,,,,,1,,,,,1,,,,,2,,,,,,,,,,,,,,,,1,,,,2,1,2,3,3,,,,2,2,1,1,,,1,,,,,,,,2,,,,,,,,,,,,,,,,,,,9,2,,,1,1,,,,,,,,,,,,,,,,,,,,,,,,,,,,,,,,,,1,,,,,,,,,2,,,,,,
cf. Leonardoxa,TRSH,pollen,NISP,,,,,,,,,,,,,,,,,,,,,,,,,,,,,,,,,,,,,,,,,,,,,,,,,,,,,,,,,,,,,,,,,,,,,,,,,,,,,,,,,,,,,,,,,,,,,,,,,,,,,,,,,,,,,,,,,,,,,,,,,,,,,,,,,,,,,,,,,,,1,,,,,,,,,,,,,,,,,,,,,,,,,,,,,,,,,,,,,