S_ID;Years BP;Acacia;Acalypha;Acanthaceae undiff.;Acridocarpus;Adenorandia-type (A. kalbreyeri);Alchemilla;Alchornea;Allophylus;Amaranthaceae undiff.;Anacardiaceae undiff.;Anagallis;Anopyxis klaineana;Anthocleista;Anthospermum;Antiaris-type (A. toxicaria);Antidesma-type;Apiaceae undiff.;Apocynaceae undiff.;Aporrhiza;Araliaceae undiff.;Artemisia;Asteraceae undiff.;Astripomoea;Balanites;Baphia-type;Begonia;Bersama;Bertiera;Blighia;Boscia-type;Brassicaceae undiff.;Bridelia-type;Brucea;Butyrospermum;Campylospermum;Canthium;Capparaceae undiff.;Carapa-type (C. procera);Cassia-type;Cassine;Celastraceae undiff.;Celtis;Centaurea-type;Cissampelos-type;Cissus;Clausena anisata;Clematis-type;Clutia-type;Cnestis-type;Cocculus;Cochlospermum;Combretaceae/Melastomataceae undiff.;Commiphora;Crassula;Crateva adansonii;Croton-type;Crudia-type;Cussonia;Diospyros;Dipsacoideae undiff.;Dolichos-type;Dombeya-type;Drypetes-type;Embelia-type;Entada-type;Entandrophragma-type;Ericaceae undiff.;Eriosema-type;Erythrococca-type;Eugenia/Syzygium;Euphorbiaceae undiff.;Fabaceae undiff.;Faurea-type;Ficus;Flacourtia;Flueggea;Galium/Rubia;Gentianaceae undiff.;Gnidia-type;Harungana;Hermannia-type;Holoptelea grandis;Hymenocardia;Hypericum;Hypoestes-type;Hyptis;Ilex mitis;Impatiens;Indigofera;Irvingia-type;Isoglossa;Ixora-type;Justicia-type;Keetia-type (K. cornelia);Khaya-type;Klaineanthus gaboniae;Lamiaceae undiff.;Lannea-type;Laportea-type;Laurembergia tetrandra;Lecaniodiscus/Lepisanthes senegalensis;Leonotis-type;Lepisanthes-type (L. senegalensis);Leucas-type;Lindackeria-type;Lippia-type;Lobelia;Lonchocarpus;Lophira;Ludwigia-type;Macaranga-type;Maerua-type;Maesa;Mallotus-type;Margaritaria discoidea;Maytenus;Meliaceae undiff.;Mellera-type;Mesanthemum;Mitracarpus hirtus;Mitragyna-type (M. inermis);Monocotyledoneae undiff.;Morelia senegalensis;Morus;Myrianthus-type;Myrica;Myrsine africana;Nuxia-type;Olea capensis;Onagraceae undiff.;Ormocarpum;Pappea capensis;Pausinystalia-type;Pavetta;Pentaclethra macrophylla;Persicaria senegalensis-type;Phaulopsis;Phoenix;Phyllanthus-type;Poaceae undiff.;Podocarpus;Polygala-type;Polyscias;Primulaceae undiff.;Prunus;Pseudospondias-type;Psorospermum;Psydrax subcordata;Pterygota;Pycnanthus;Rapanea;Rhamnaceae undiff.;Rhus-type;Ricinus communis;Rosaceae undiff.;Rubiaceae undiff.;Rubus;Rumex;Salix;Santiria-type;Sapindaceae undiff.;Sapotaceae undiff.;Sauvagesia erecta;Schefflera;Schrebera;Sebaea;Solanaceae undiff.;Sorindeia-type;Spermacoce-type;Stephania-type (S. abyssinica);Sterculia-type;Streptocarpus;Strombosia;Swertia-type (S. abyssinica);Tapinanthus-type;Tapura fischeri-type;Tarenna-type;Teclea-type;Tetracera;Tetrorchidium;Thalictrum;Thecacoris-type;Trilepisium-type (T. madagascariense);Triumfetta-type;Uapaca;Urticaceae undiff.;Wahlenbergia;Xyris;Zanthoxylum-type;cf. Leonardoxa
321733;-1;;;;;;1;;;2;;;;;;;;;;;;;1;;;;;;;;;;2;;;;;;;;;;;;;;;;;;;;1;;;;2;;;;;;;;11;;;;;;7;;;;;;;;;2;;;;;2;4;;;;;;;1;;;;;;;;14;;;;;;;;;;;1;;;;;;;;;;;;;;;;;;;;;;;;;;;;;27;;;;;;;;;1;;;;;;;;;;;;;;;27;;;;;;;1;;;;;;;;;;;;;;;;;;;
321734;52;;;;;;;3;;;;;;;;;;;;;;;3;;;;;;;;;;;;;;;;2;;;;4;;;;;3;;;;;9;;;;;;1;;;;;;;;;;;;4;;;;2;;;;;2;;;;;;;;2;1;;;;1;;;;;;;;1;;;;;;;;;;;8;;1;1;;1;;;;;;;;;;;;;1;;;;;;;;;;;72;;;1;;;;;;;;;;;;;;1;;;;;;;42;;;1;;;1;;4;;;1;;;;;1;;;;;;;;;;
321735;106;;;;;;;1;;;;;;;;1;;;;;;;11;;;;;;;;;;;;;;;;;;;;2;;;;;5;;;;;2;;;;;;2;;;;;;15;;;;;;3;;;;;;;;;7;;;;3;;3;;1;1;;;1;1;;;;;4;;;9;;;;;;;;;3;;;;4;;;;;;;;;3;;;;;;1;;;;;;;;;;;;24;1;;;;2;;;;;;2;;;;;;;;;;;1;;100;;;1;;;;4;;;;;;;;;;;;;;;;;;;
321736;159;;;;;;;1;;1;;;;;;;;;;;;2;3;;;;;;;;;;2;;;;;;;;;;;;;;;1;;;;;;;;;;;;;;;;;1;;;1;;;11;;4;;;;;;;5;;;;;;5;;4;;;;5;;;;;;1;;;;;;;;;;;;;;4;;;;;;;;;;;;;1;;;;4;;;;;;1;;;;;;29;;;1;;2;;;;;;;;;;;;;;;;;;;50;;;1;;;;;;;;;;;;;;;;;;;;;;;
321737;213;;;;;;;2;;2;;;;;;1;;;;;;;17;;;;;;;;;;;;;;;;;;;;1;;;;;7;;;;;2;;;;;;1;;;;;;12;;;;;1;13;;3;;;;1;;;10;;;;;;8;;1;;;;;1;;;;;1;;;;;;;;16;;;;;;6;;;;;;;;;;;1;;;;;;;;;;;;;;;;;;53;;;1;;1;;;;;;4;;;;;;5;;;1;;;;77;;;1;;;;;;;;;;;;;;;;;;1;;;;;
321738;266;;;;;;;4;1;;;;;;;1;;;;;;;6;;;;;;;;;;;;;;;;;;;;4;;;;;3;;;;;;;;;;;2;;;;;;4;;;;2;1;7;;;;1;;;;;3;;;;;;2;;3;;;;;4;;;;;;;2;10;;;;;;;;;2;;;;4;;;;;;;;;;;;;;;1;1;;;;;;;1;;;;31;2;;;;;;;;;;;;;;;;;;;;;;;40;;;3;;;;;1;;2;;;;;;;;;;;4;;;;;
321739;320;;1;;;;;5;;2;;;;;;;;;;;;1;16;;;;;;;;;;;;1;;;;;;;;3;;;;;4;;;;;1;;;;;;1;1;;;;;;;;;;;12;;2;;;;;;;5;;;;;;4;;11;;;;1;;;;;;;;;45;;;;;;;;;;;4;;;;;;;;2;;;;;;;;;3;2;;;;;3;;;1;;;120;;;;;3;;;;;;;;;;;;;;;;;;;114;;;4;;;;;;;;;;;;;;;;;;;;;;;
321740;373;;1;;;;;1;1;1;;;;;;;;;;;;;5;;;;;;;;;;;;;;;1;;;;;;;;;;3;;;;;1;;;;;;;;;;;;;;;;;;2;;;;;;1;;;3;;;;;;;;5;;;;;1;;;;;;;;35;;;;;;;;;;;2;;;;;;;;;;;1;;;;;;;1;;;;;;;;;;;58;;;;;;;;;;;;;;;;;1;;;;;;;23;;;;;;;;1;1;;;;;;;;;;;;;;;8;;
321741;426;;;;;;;1;;;;;;;;;;;;;;;10;;;;;;;;;1;1;;;;;;;;;;2;;;;1;3;;;;;2;;;;;;9;;;;;;4;;;;;1;8;;;;2;;;;;8;;;;1;1;3;;4;1;;;5;1;;;;;2;;1;73;;;;;;;;;5;;1;;10;;;1;;;;1;;;;;;;2;;4;;;;;;;;;;1;104;;;;;;;;;;;1;;;;;;;1;;;;;;41;;;2;;;;;;;;;1;;;;1;;;;;;1;;9;;
321742;480;;;;;;;3;;2;;;;;;;;;;;;;1;;;;;;;;;;1;;;;;;;1;;;4;;;;;;;;;;1;;;;;;;;;;;;2;;;;;;;;;;1;;;;;;;;;;2;;;1;;;;;;;;;;;;;15;;;;;;;;;;;1;;;;;;;;;;1;;;;;;;;;;;;;1;;;;;;107;1;;;;;;;;;;;;;1;;;1;;;;;;;2;;;;;1;;;1;;;;;;;;;;;;;1;;;6;;
321743;533;;2;;;;;4;;;;;;;;1;1;;;;1;;1;;;;;;;;;;;;;;;;;;;;;;;;;1;;;1;;2;;;;;;;;;;;;5;;;;;;;1;1;;2;;;;;;;;;3;;;;;;;;1;;;;;;1;;;13;;;;;;;;;;;1;;;1;;;1;;;;;5;;;;;;1;1;;;;;;;;;;;65;;;;;;;;;;;;;;;;;1;;;;;2;;1;;;7;;;;;;;;;;;;;;;;1;;1;;;2;;
321744;587;;;;;;;6;;4;;;;;;;;;;;;1;2;;;;;;;;;;;;;;;;;;;;6;;;;;;;;;;1;;;;;;;;;;;;;;;;;;2;;3;;;;;;;2;;;;;;;;;1;;;;;;;;;;;;8;;;;;;;;;;;5;;;;;;;;;;;;;1;;;;1;2;;;;;;;;;;;123;;;;;1;;;;;;;;;;;;;;;;;;;2;;;1;;;;;;;;;;;;;;;;;;;;;;;
321745;640;;;;;;;5;;;;;;;;;;;;;;1;2;;;;;;;;;;;;;;;;;;;;2;;;;;;;;;;1;;;;;;1;;;;;;2;;;1;;;;;1;;1;;;;;3;;;;;;;;3;;;;;;;;;;;;;23;;;;;;;;;;;2;;;2;;;;;;;;;;;;;;;2;;;;;;;;;;;118;4;;;;;;;;;;;;;;;;;1;;;;;;5;;;;;;;;;;;;;;;;;;;;;;;;;;
321746;693;;;;;;;6;1;;;;;;;;;;;;;;4;;;;;;;;;;;;;;;;;;;;5;;;;;1;;;;;;;;;;;;;;;;;;;;1;;;3;;;;6;;;;;1;;;;;1;1;;1;;;;;1;;;;;;;;21;;;;;;;;;;;3;;1;1;;;;;;;;2;;;;;;;2;;;;;;;;;;;152;3;;;;1;;;;;;;;;1;;;1;;;1;;;;1;;;;;18;;;;;;;;;;;;;;;;;;;10;;
321747;747;;;;;;;5;;1;;;;;;;;;;;;1;2;;;;;;;;;;;;;;;;;;;;8;;;;;;;;;;;;;;;;;;;;;;5;;;1;;;;;1;;2;;;;;2;;;;;;3;;;;;;;;;;;;1;;;5;;;;;3;;;;;;2;;;;;;;;;;;;;;;;;;1;;;;;;;;;;;173;;;;;;;;;;;;;;;;;;;;;;;;7;;;;;;;;;;;;;;;;1;;;;;;;;1;;
321748;800;;;;;;1;4;;1;;;;;;;;;;;;;5;;;;;;;;;;;;;;;;5;;;;4;;;;;1;;;;;3;;;;;;;;;;;;3;;;1;;;4;;;;1;;;;;4;;;;;;;;;;;;;;;;;;1;;6;24;;;;1;;;;;2;;3;;;2;;;;1;;;;;;;;;;;18;;;;;;;;;;;195;7;;;;;;;;;;3;;;;;;1;;;;;;;10;;;2;;;;;1;;;;;;;;;;;3;;1;;;5;;
321749;854;;1;;;;;5;;;;;;;;;;;;;;;6;;;;;;;;;;;;;;;;;;;;4;;;;;1;;;;;1;;;;;;;;;;;;;;;;;;2;;;;;;;2;;17;;;;;;;2;3;2;;;;1;;;;;;;;;;;;;;;;1;;;3;;;;;;;;;;;;;2;;;;1;25;;;;;;;;;;;154;;;;;2;;;;;;1;;;;;;;;;;;;;19;;;1;;;;;;;;;;;;;;;;;;;;;;;
321750;907;;2;;;;;3;;1;;;;;;;;;;;;3;3;;;;;;;;;;1;;;;;;;;;;2;;;;;1;;;;;1;;;;;;;;;;;;2;;;;;1;;;2;;1;;;;;;;;;;2;2;;1;;;;1;;;;;;;;;1;;;;;;;;;;;3;;;2;;;;;;;;;;;;;;2;23;;;;;;;;;;;97;5;;;;;;;;;;;;;;;;;;;;;;;45;;;1;;;;;;;;;;;;;;;;;;;;;;;
321751;960;;7;;;;;10;;;;;;;;;;;;;;;;;;;;;;;;;;;;;;;;;;;9;;;;;;;;;;3;;;;;;;;;;;;1;;;1;;;3;;;;6;;;;;;;;1;;;;;;;;;;;;;;;;;15;;;;;;;;;;;;4;;4;;1;;;;;;;3;;;;;1;;15;;;;;;;;;;;116;5;;;;;;;;;;3;;;;;;;;;;;;;2;;;1;;;;1;;;;;;;;;;;;;;1;5;;1;;
321752;1015;;;;;;;4;;1;;;;;;;;;;;;;2;;;;;;;;;;;;;;;;;;;;2;;;;;;;;;;1;;;;;;;;;;;;2;;;2;;;;;;;;;;;;1;;;;;;1;;2;;;;;;;;;;;;;;;;;;;;;;;;;;2;;;;;;;;;;;;;;;1;34;;;;;;;;;;;77;5;;;;;;;;;;;;;;;;;1;;;;;;8;;;;;;;;;;;;;;;;;;;;;;;;;;
321753;1080;;1;;;;;2;;3;1;;;;;;1;;;;;;6;;;;;;;;;;;;;;;;;;;;1;;;;2;3;;;;;2;;;;;;2;;;;;;1;;;1;;3;4;;;;;;;;;7;;;;2;;5;;5;1;;;;2;;1;;2;5;;4;1;;;;;;;;;2;;2;;9;1;;;;;;;;;;;;;;6;26;;;;;2;;2;;;;48;1;;;;;;;;;;1;;;;;;1;;;;;;;19;;;3;;;;;;;;;;;;;1;;;;;;;;;;
321754;1145;;;;;;;1;;3;;;;;;;;;;;;;4;;;;;;;;;;;;;;;;;;;;6;;;;1;;;;;;;;;;;;1;;;;;;2;;;;;1;1;;;;;;;;;2;;;1;;;1;;;;;;;2;;;;;1;;;;;;;1;;;;;;;3;;;;;1;;;;;;;;;;;;;7;;;;;1;;;;;;44;3;;;;;;;;;;1;;;1;;;;;;;;;;15;;;;;;;;;;;;;;1;;;;;;;;;;;1;
321755;1210;;2;;;;;3;1;2;;;;3;;2;;;;;;1;6;;;;;;;;;;1;;;;;;1;;;;1;;;;2;4;;;;;1;;;;;;;;;;;;4;;;4;;2;2;;;;2;;;;;10;;;;;1;6;;5;2;;;1;6;;;;;5;;;;;;;;;;;;10;;1;;6;;;;;;;;;;;;;;;;11;;;;;;;;;6;;76;11;;1;;;;;;;;1;;;;;;3;;;;;;;32;;;1;;;;;4;;;1;;1;;;2;;;1;;;;;;;
321756;1275;;;;;;;1;1;;;;;;;;;;;;;;5;;;;;;;;;;;;;;;;;;;;1;;;;;1;;;;;1;;;;;;;;;;;;1;;;1;;1;1;;;;7;;;;;5;;;;;;3;;;1;;;;2;;;;;;;1;;;;;;;;;;;;10;;4;;;1;;;;;;1;;;;;;;3;;;;;;;;;;;41;1;;;;;;;;;;;1;;2;;;;;;;;;;6;;;;;;;;;;;;;;;;;;;;;;;;;;
321757;1341;;2;;;;;7;;3;;;;;1;;3;;;;;;3;;;;;;;;;;;;;;;;;;;;2;;;;;2;;;;;;;;;;;;;;;;;8;;;6;;4;3;;2;;;;;1;;9;;;;;;3;;12;2;;;;;1;;;;1;;;;;;;;;;;1;;;4;;;;;;;;;;;;;1;;;;5;11;;;;;4;;;;;;79;8;;1;;;;;;;;;;;;;;;1;;;;;;47;;;5;;;;;;;;;;;;;;;;;;;;1;;;
321758;1406;;;;;;;2;;;;;;;;;1;;;;;;5;;;;;;;;;;;;;;;;;;;;17;;;;;2;;;;;;;;;;;1;;;;;;1;;;2;;2;2;1;;;5;;;;;4;;;;;;3;;;1;;;1;;;;;;1;;6;;;;;;;;;;;;;;2;;;1;;;;;;;;;;;;3;8;;;;;;;;;;;58;1;;;;;;;;;;1;;;;;;;;;;;1;;16;;;;;;1;;3;;;;;;;;;;;;;1;;;;;
321759;1471;;;;;;1;4;;;;;;;;;;;;;;;6;;;;;;;;;;;;;;;;;;;;8;;;;1;2;;;;;2;;;;;;;;;;;;;;;1;;;2;;;;;;;;;5;;;;;;2;;3;;;;1;;1;;;;;;2;;;;;;;;;;;;3;;1;;;1;;;;;;1;;;;;;;8;;;;;;;;;;;81;;;;;;;;;;;;;;;;;;;;;;;;22;;;1;;;2;;1;;;;;;;;;;;;;;;;;;
321760;1536;;1;;;;;1;;;;;;;;;;;;;;;3;;;;;;;;;;;;;;;;;;;;4;;;;1;;;;;;1;;;;;;;;;;;;6;1;;;;;2;;;;1;;;;;11;;;1;;1;1;;3;1;;;1;2;;1;;;;;;;;;;;;;;;;;13;;9;;;;;;;1;;;;;;;;;4;;;;;;;;;;;43;1;;;;;;;;;;;;;;;;;;;;;;;21;;;;;;1;;;1;1;;;;;;;;;;;;;;;;
321761;1601;;;;;;;5;;4;;;;;;;;;;;;;8;;;;;;;;;;;;;;;;;;;;8;;;;;7;;;;;3;;;;;;;;;;;;2;;;3;;;6;;;;4;;;;;11;;;;1;2;1;;5;1;;;;6;2;;;;5;;2;2;;;;;;;;;;;30;;5;1;;;;;;;1;1;;;2;;;5;18;;;;;1;;;;;;92;3;;1;;;;;;;;2;;;;;;;2;;1;;;;31;;;3;;;;;;;;;;;3;;;;;1;;2;1;;;3;
321762;1665;;;;;;;7;1;1;;;;;;;;;;;;;14;;;;;;;;;;;;;;;;;;;;8;;;;;4;1;;;;1;;;;;;2;;;;;;5;;;12;;;9;;;;2;;;;;9;;;;;9;3;;24;1;;;;4;;;;;;;;;;;;;;;;2;;;10;;1;;;;;;;;;;;;;;;;4;;;;;2;;;;;;100;5;;;;;;;1;;;1;1;;;;;;1;;;;;;58;;;1;;;;;;;;;;1;;;;;;;;;;;2;;
321763;1720;;;;;;;3;;2;;;;;;;;;;;;;3;;;;;;;;;;1;;;;;;;;;;5;;;;;2;;;;;;;;;;;6;;;;;;1;;;3;;;9;2;;;10;;;;;5;;;;;1;;;26;2;;;3;;;;;;;;1;4;;;;;;;;;1;;1;;8;;1;;;;;;;;;;;;;5;3;;;;;;;;;;;36;4;;;;;;;;;;;1;;;;;1;;;;;;;31;;;1;;;;;;;;1;;;;;1;;;;;;;;;;
321764;1776;;;;;;;9;;2;;;;;;1;;;;;;1;3;;;;;;;;;;;;;;;;;;;;5;;;;;;;;;;;;;;;;;;;;;;6;;;6;;1;6;;;;5;;;;;6;;;;;1;;;9;1;;;2;6;;;;;;;;;;;;;;;;;;;2;;1;1;;;;;;;;;;;;;;5;;;;;;;;;;;1;63;;;;;7;;;;;;1;;;;;;1;;;;;;;67;;;;;;1;;;;;;;;;;;;;;;;;;;;
321765;1831;;1;;;;;8;;2;;;;;;;;;;;;;1;;;;;;;;;;;;;;;;;;;;4;;;;;5;;;;;3;;;;;;1;;;;;;6;;;5;;3;1;;;;;;;;;5;;;1;;;6;;9;2;;1;1;4;;;;;;;;3;;;;;;;;;;;8;;1;;;;;1;;;;;;;;;;;;;;;;3;;2;;;;57;2;;;;2;;;;;;1;;;;;;;;;;;;;37;;;1;;;3;;1;;1;;;;;;;;;;;1;;;1;;
321766;1886;;;;;;;4;;1;;;;;;;1;;;;;1;13;;;;;;;;;;;;;;;;;;;;;1;;;;;;;;;1;;;;;;;;;;;;4;1;;6;;1;3;;1;;4;;;;;2;;;;;;1;;4;3;;;1;2;;;;;;;;;;;;;;;;;1;;10;;1;;;;;;;;;;;;;;;;1;;;;;;;;;;;56;;;;;;;;;;;2;;;;;;2;;;;;;;52;;;1;;;1;;3;;;;;;1;;;;;;;;;;;;
321767;1942;;;1;;;;12;1;4;;;;;1;;;;;;;6;10;;;;;;;;;;;;;;;;;;;;;;;;;3;;;;;2;;;;;;;;;;;;;;;12;;3;8;;;;;;;;;15;;;;;1;5;;36;2;;;1;;;;;;;;;;;;;;;;;1;;;7;;;;;;;;;;;;;;;;;;7;;;;;4;;;;;;56;4;;;;4;;;;;;6;;;;;;;;;;;;;132;;;9;;;;;;;;;;;;;;;;;;;;;;;
321768;1997;;1;;;;;11;1;1;;;;;;;;;;;;;8;;;;1;;;;;;1;;;;;;;;;;6;;;;;1;;;;;;;;;;;3;;;;;;9;;;;;;7;;;;2;;;2;;4;;;;;;3;;31;3;;;;2;;;;;4;;1;1;;;;;;;;;1;;1;;5;;;1;;;;;;;;;;;;;2;;;;;;;;;;;96;5;;;;9;;;;;;9;;;;;;;1;;;;;;106;;;;;;;;;;;1;;;;;;;;1;;;;;;2;
321769;2052;;1;;;;;1;1;;;;;;;;;;;;;;4;;;;;;;;;;;;;;;;;;;;2;;;;;1;;;;;;;;;;;;;;;;;5;;;3;;3;5;;1;;;;;;;8;;;;;;;;30;1;;;1;;;;;;1;;2;;;;;;;;;;;;4;;;;;1;;;;1;;;;;;;;;1;;;;;;;;;;;63;2;;;;;;;;;;1;;;3;;;;;;;;;;37;;;3;;;;;2;;;;;;3;;;;;;;1;;;;;
321770;2107;;1;;;;1;1;;1;;;;;;;3;;;;;;9;;;;;;;;;;;;;;;;;;;;3;;;;;2;;;;;2;;;;;;1;;;;;;8;;;1;;3;20;;;;3;;;;;9;;;;;4;4;;35;1;;;3;1;;;;;;;;;;1;;;;;;;1;1;7;;8;;;1;;;;;;;1;;;;;3;2;;;;1;;1;;;;;85;4;;;;1;;;;;;10;;;1;;;;3;;;;;;62;;;5;;;1;;1;;;;;1;;;;;;;;1;;;;;
321771;2163;;;;;;;6;1;1;;;;;;;;1;;;;2;10;;;;;;;;;;5;;;;1;;;;;;2;;;;;8;;;;;1;;;;;;1;;;;;;1;;;7;;7;10;;1;;1;;;;;11;;;;;1;4;3;39;;;;1;4;;;;;;;;;;;;;;;;;;;8;;;3;;;;;;;;;;2;;;;1;3;;1;;;;;;;;;87;9;;;;6;;;;;;8;;;;;;1;;;;;;;147;;;3;;;;;;;;1;;;;;;;;;;;;;;;
321772;2214;;;;;;;5;;;;;;;;;;;;;;;15;;;;;;;;;;;;;;;;;;;;4;;;;;4;;;;;;;;;;;;;;;;;6;;;5;;2;5;;3;;;;;;;7;;;;;3;;;26;3;;;;;;;;;1;;;;;;;;;;;2;;;1;;;;;;;;;;;;;;;;;3;;;;;;1;;;;;;73;4;;;;;;;1;;;6;;;;;;;;;;;1;;102;;;;;;;;;;;;;;;;;;;;;1;1;;;;
321773;2227;;;;;;;10;;;;;;;;;;;;;;2;1;;;;1;;;;;;;;;;;;;;;;1;;;;;;;;;;;;;;;;6;;;;;;3;;;1;;1;11;;;;4;;;;;3;;;;;6;1;;24;3;;;;;;;;;;;1;;;;;;;;;;;;1;;2;;;;1;;;;;;;;;;;3;1;;;;;;;;;;1;40;3;;2;;;;;;;;2;;;;;;;;;;;;;42;;;1;;;;;;;;;;;;;;;;;;;;;;;
321774;2239;;2;;;;;8;1;;;;;;;;;;;;;5;9;;;;;;;;;;;;;;;;;;;;2;;;;;2;;;;;2;;;;;;;;;;;;;;;11;;8;6;;1;;;;;1;;15;;;;;4;1;;22;1;;;1;;;;;;1;;;1;;;;;;;;;;;;;;;;;;;;;;;;1;;1;;8;2;;;;;2;;;1;;;89;13;;;;2;;;;;;6;;;;;;;;;;;;;82;;;7;;;;;;;;2;;;;;;;;;;;;;;;
321775;2252;;;;;;;11;1;1;;;;1;;;;;;;;;9;;;;;;;;;1;;;;;;;;;;;9;;;;;1;;;;;4;;;;;;4;;;;;;2;;;2;;3;12;1;;;4;;;;;13;;;;;;2;;12;;;;1;;;;;;3;;;;;;;;;;;;2;;3;;9;;;;;;;;;;;;;;;;1;;;;;;;;;;;91;7;;;;;;;;;;4;;;;;;;;;;;;;75;;;8;;;1;;1;;;;;1;;;1;;;;;;;;;;
321776;2265;;;;;;;9;;;;;;;;;;;;;;;8;;;;;;;;;;;;;;;;;;;;2;;;;;6;;;;;1;;;;;;;;;;;;2;;;2;;3;12;;;;;;;;;5;;;;;4;1;;31;1;;;1;;;;;;;;;3;;;;;;;;;;;1;;;1;;;;;;;;;;1;;;;4;4;;;;;2;;;;;3;52;19;;;;;;;;;;1;;;;;;;;;;;;;110;;;2;;;;;;;;;;;;;;;;;;1;;;;;
321777;2278;;1;;;;;8;2;;;;;;;1;;;;;;;6;;;;;;;;;;1;;;;;;;;;;12;;;;;2;;;;;2;;;;;;3;;;;1;1;4;;;3;;1;10;;;;5;;;;;4;;;;;2;5;;25;2;;;;;;;;;4;;;;;;;;;;;;1;;1;;10;;;2;;;;;;1;;;;;;3;;;;;;;;;;;;86;22;;;;;;;;;;4;;;;1;;;;;;;;;78;;;2;;;1;;;;;;;1;;;;;;;;2;;;;;
321778;2291;;;;;;;5;;1;;;;;;;;;;;;4;15;2;;;;;;;;;1;;;;;;;;;;1;;;;;2;;;;;1;;;;;;;;;;;;;;;4;;3;4;;4;;;;;1;;10;;;;;1;4;;33;1;;;;;;;;;1;;;1;;;;;;;;;;;2;;;1;;;;;;;;;;;;;;;2;;;;;2;;;;;;103;6;;;;;;;;;;5;;;;;;;;;;;;;81;;;4;;;;;;;;;;;;;;;;;;;;;;;
321779;2303;;;1;;;;8;;2;;;;;;;;;;;;3;10;;;;;;;;;;;;;;;;;;;;1;;;;;8;;;;;1;;;;;;;;;;;;1;;;7;;1;13;;;;;;;;;20;;;;;3;;;13;1;;;3;;;;;;4;;;;;;;;;;;;;;2;;;;;;;;;;;;;4;;;;9;3;;;;;1;;;;;;125;24;;;;1;;;;;;1;;;;;;;;;;;;;118;;;5;;;;;;;;1;;;;;;;;;;;;;;;
321780;2316;;;;;;;4;1;;;;;;;;;;;;;1;7;;;;;;;;;;3;;;;;;;;;;1;;;;;5;;;;;2;;;;1;;;;;;;;6;;;3;;1;14;;;;;;;;;8;;;;;2;;2;14;;;;2;;;;;;;;;9;;;;;;;;1;;;3;;;;;;;;;;;;;;;;;1;4;;;;;4;;;;;;53;11;;;;1;;;;;;2;;;;;;4;;;;;;;84;;;3;;;;;;;;;;;;;;;;;;;;;;;
321781;2329;;;;;;;4;1;1;;;;;;3;;;;;;;9;;;;;;;;;;;;;;;;;;;;9;;;;;2;;;;;;;;;;;;;;;;;10;;;;;2;13;;;;2;;;;;16;;;;2;;2;;19;3;;;1;1;;;;;;;1;;;;;;;;;;2;;2;;4;;;2;;;;;;;;;;;;1;1;;;;;;;1;;;;46;29;;;;;;;;;;2;;;;;;;;;;;;;57;;;2;;;;;;;;;;1;;;;;;;;;;;;;
321782;2343;;;;;;;4;;;;;;;;;;;;;;;;;;;;;;;;1;;;;;;;;;;;1;;;;;;;;;;3;;;;;;2;;;;;;1;;;4;;;9;;;;1;;;;;7;;;;;3;1;;13;1;;;1;1;;;;;;;;;;;;;;;;;;;;;4;;;;;;;;;;;;;;;;;;;;;;;2;;;;18;13;;5;;;;;;;;1;;;;;;;;;;;;;20;;;;;;;;;;;;;;;;;;;;;;;;;1;
321783;2369;;;;;;;3;;;;;;;;;;;;;;;5;;;;;;;;;;;;;;;;;;;;;;;;;;;;;;1;;;;;;;;;;;;;;;;;3;1;1;;;;;;;;;;;2;;;;;1;;;;;;;;;;;;;;;;;;;;;;;;;;;;;;;;;;;;;1;;;;;;;;;;;;;;;;5;1;;;;;;;;;;1;;;;;;;;;;;;;1;;;;;;;;;;;;;2;;;;;;;;;;;;;
321784;2395;;2;;;;;6;;;;;;;;;1;;;;;;5;;;;;;;;;;;;;;;;2;;;;;;;;;;;;;;6;;;;;;3;;;;;;;;;6;;3;18;;;;4;;;1;;19;;;;;;4;;22;;;;2;1;;1;;;1;;3;;;;;;;;;;1;;2;;2;2;;;;;;;;;;;;;1;;5;;;;;;1;1;;;;68;13;;;;;;;;;1;1;;;;;;1;1;;;;;;69;;;7;;;;;;;;;;;;;;;;;;;1;;1;;
321785;2421;;;;;;;4;;;;;;;;;;;;;;1;8;;;;;;;;;;3;;;;;;;;;;1;;;;;3;;;;;2;;;;;;;;;;;;;;;3;;1;3;1;1;;;;;;;23;;;;;1;;;25;;;;3;;;;;;;;;;;;;;;;;;;;2;;;2;;;;;;;;;;2;;;;;2;;;;;;;;;;;57;14;;;;2;;;;;;3;;;;;;;;;;;;;65;;;3;;;;;;;;;;;;;;;;;;;;;;;
321786;2446;;;;;;;4;;;;;;;;;;;;;;;4;;;;;;;;;;;;;1;;;1;;;;5;;;;;;;;;;;;;;;;5;;;;;1;;;;2;;6;6;;;;3;;;;1;16;;;;;;1;;20;;;;;;;;;;5;;;;;;;;;;;;1;;;;7;1;;;;;;;1;2;;;;;;;8;;;;;;1;;;;;39;5;;;;4;;;;;;13;;;;;;3;;;;;;;44;;;1;;;1;;;;;;;2;;;1;;;;;;;;;;
321787;2472;;;;;;;5;1;3;;;;;;;;;;;;;6;;;;;;;;;;2;;;;;;;;;;13;;;;;;;;;;4;;;;;;3;;;;;;4;;;3;;3;9;;;;;;;;;13;;;;;;5;;34;;;;2;1;;;;;5;;;2;;;;;;;;;4;;2;;4;;2;;;;;;;1;;;;;;2;3;;;;;;;1;;;;93;8;;;;;;;;;;6;;;;;;;;;;;;;62;;;;;;;;7;;;;;;;;;;;;;1;;;;1;
321788;2498;;;;;;;7;1;1;;;;;;;;;;;;2;;;;;;;;;;;2;;;;;;;;;;3;;;;;1;;;;;1;;;;;;;;;;;;5;;;7;;7;10;;3;;;;;;;15;;;1;;4;1;;20;1;;;2;;;;;;;;;;;;;;;;;;;;6;;;;;;;;;;;;;;;;;;4;;;;;3;;;;;;84;10;;;;5;;;;;;5;1;;;;;;;;;;;;107;;;1;;;;;;;;;;;;;;;;;;;;;;;
321789;2524;;1;;;;;5;;2;;;;;;;;;;;;1;9;1;;;;;;;;;1;;;;;;;;;;1;;;;;5;;;;;3;;;;;;;;;;;;;;;4;;3;6;;1;;;;;;;25;;;;;5;3;;17;1;;;1;;;;;;4;;;2;;;;;;;;;;;1;;;1;;;;;;;;;;4;;;;;1;;;;;;;;;;;70;8;;;;7;;;;;;9;;;;;;;1;;;;;;119;;;3;;;;;;;;;;;;;;;;;;;;;;;
321790;2550;;;;;;2;17;1;1;;;;;;1;1;;;;;1;6;;;;;;;;;;1;;;;;;;;;;6;;;;;5;;;;;1;;;;;;2;;;;;;6;;;1;;;13;;;;8;;;;;10;;;;;1;;;12;1;;;;;;;;;1;;;;;;;;;;;;4;;1;;3;2;1;1;;;;;;;;;;;;1;;;;;;;;;;;1;69;14;;;;;;;;;;2;;;;1;;;;;;;;;45;;;;;;2;;1;;;1;;;;;;;;;;;;;;;
321791;2576;;;;;;;9;1;1;;;;;;;;;;;;;6;;;;;;;;;;1;;;;;;;;;;1;;;;;2;;;;;7;;;;;;;;;;;;;;;12;;4;14;;3;;;;;;;8;;;1;;2;1;;25;;;;;;;;;;1;;;;;;;;;;;;1;;11;;;7;;;;;;;;;;;;;;;16;;;;;;;;;;3;171;48;;;;1;;;;;;4;;;2;;;;1;;;1;;;46;;;1;;;;;;;;;;;;;;;;;;;;;;;
321792;2607;;;;;1;;6;1;2;;1;;;;;;;;;4;1;11;;;;;;;;;;;;;;;;;;;;;;;;;;;;;;2;;;;;;;;;;;1;;;;3;;;12;;;;;;;;;5;;;;1;2;;;8;;;;;3;;;;;3;;;2;;;;;;;;;4;;;;1;;;;;;;;;;;;;;;1;10;;;;;;;1;;;;118;32;;;;;;;;;;3;;;;;1;;;;;;;;54;;;;1;;;1;;;;;;;;;1;;1;;;;;;;2;
321793;2688;;3;;;;1;11;;2;;;;1;;1;;;;;6;;;;;;;;;;;;1;;;;;;1;;;;5;;;;2;;;;;;3;;;;;;9;;;;;;11;;;9;;1;13;;;;7;;;;;3;;;;3;1;2;;12;2;;;;2;;;;;;;;2;;;;;;;;;1;;4;;3;1;;3;;;;;;;;;;;;3;1;;;;;;;;;;;38;23;;;;;;;;;;19;;;;;;;1;;;;1;;44;;;;;;;;4;;;;;1;;;;;;4;;2;;;;;
321794;2768;;;;;;;5;1;1;;;;;;1;4;;;1;;;12;;;;;;;;;;;;;;;;;;;;3;;;;;;;;;;;;;;;;1;;;;;;2;;;4;;;28;;1;;1;;;;;5;;;;;;3;;14;1;;;;1;;;;;1;;;;;;;;;;;;;;;;11;;;;;;;;;;3;;;;;;1;;;;;;;;;;;123;27;;;;1;;;;;;12;;;;;;1;;;;;;;46;;;;;;1;;4;1;1;;;;;;1;;;;;;;;;;
321795;2849;;;;;;;3;1;1;;;;;;;6;;;;;;51;;;;;;;;;;;;;;;;;;;;;;;;;2;;;;;2;;;;;;2;;;;;;;;;6;;1;24;;;;2;;;;;1;;;3;;1;8;;25;1;;;;2;;1;;;2;;;;;;;;;;;;5;;;;1;2;;1;;2;;;1;;;;;;;2;2;;;;;;;;;;;76;44;;;;;;;;;;2;;;;;;;;;;;;;34;;;2;;;;;3;;;;;;;;;;;;;;;;;;
321796;2930;;;;;;;3;;2;;;;;;2;2;1;;;;;32;;;;;;;;;;;;;;;;;;;;1;;;;;;;;;;1;;;;;;5;;;;;1;;;;11;;3;9;;;;2;;;;;13;;;;;;3;;14;3;;;;1;;;;;;;;;;;;;;;;;;;1;;3;2;;;;;;;;;3;;;;1;2;1;;;;;;;;;;;63;20;;;;;;;;;;6;;;;;;2;;;;;;;23;;;;;;;;5;1;;;;1;;;;;;;;;;;;;
321797;3011;;;;;;;4;;1;;;;;;1;;;;;;;13;;;;;;;;;;;;;;;;;;;;3;;;;5;1;;;;;1;;;;1;;2;;;;;;4;;;4;;2;12;;;;4;;;;;9;1;;;;;5;;5;1;;;2;;;;;;;;;;;;;;;;;;;;;;1;;;1;;;;;2;6;;;;;;5;;;;;;;;;;;;39;23;;;;;;;;;;4;;;;;1;;;;;;;;17;;;1;;;;;1;;;;;;;;;;;;;2;;;;;
321798;3091;;;;;;;6;;;;;;;;;;1;;;;;5;;;;;;;;;;;;;;;;;;;;5;;;;;2;;;;;1;;;;;;3;;;;;;6;;;;;2;20;;;;2;;;;;1;;;;;;2;;16;;;;;1;;;;;1;;;;;;;;;;;;1;;4;;13;;1;3;;;;;1;;;;;;;;9;;;;4;;;;;;;83;39;;;;;;;;;;15;;;;;;6;1;;;;;;47;;;5;;;1;;2;;1;;;4;;;;;;3;;1;;;;;
321799;3172;;;;;;;7;;;;;;;;;1;;;;;;3;;;;1;;;;;;;;;;;;;;;;2;;;;;4;;;;1;7;;;;;;6;;;;;;1;1;;2;;4;25;;;;1;;1;;;11;;;;;;2;;12;;;;1;;;2;;;;;;;;;;;;;;;1;;4;;21;4;;;;;;;;;;;;;;5;23;;;;1;;;;;;2;80;28;;;2;1;;;;;;8;1;;2;;;;;;;;;;37;;;;;;1;;2;;;;;2;;;;;;1;;1;;;;;
321800;3253;;1;;;;;12;1;;;;;;;1;;3;;;;;1;;;;;;;;;;1;;;;;;;;;;10;;;;;3;;;;;2;;;;;;2;;;;;;6;;;1;;;34;;1;;4;;;;;;;;;;1;;;11;1;;;;1;;;;;;;;;;;;;;;;;7;;1;;7;1;1;3;;;;;;;;;;;;;9;;;;;;;;;;;54;61;;;;;;;;;;6;;;;;;;;;;;;;44;1;;;;;2;;1;;;;;;;1;2;;;;;;;;;;
321801;3333;;;;;;;19;;1;;;;;;1;1;1;;;;;4;;;;;;;;;;;;;;;;;;;;6;;;;1;;;;;;1;;;;;;3;;;;;;;;;7;;;13;;;;3;;;;;5;;;;1;;;;8;;;;1;1;;1;;;2;;2;1;;;;;;;;;2;;4;;19;3;;13;;;;;;;;;;;;;45;;;;1;1;;;;;2;38;164;;;;;;;;;2;17;;;;;;;;;;;;;28;;;;;;1;;1;;;;;;;;1;;;2;;1;;;1;;
321802;3374;;;;;;;22;2;1;;;;1;;;1;;;;;1;3;;;;;;;;;;;;;;;;2;;;;9;;;;;1;;;;;2;;;;;;;;;;;;7;;;4;;;17;;1;;2;;;;;;;;;;;;;11;;;;;3;;1;;;1;;;;;;;;;;;;;;21;;5;2;5;6;;;;;1;;;;;;;;41;;;;;1;;;;;1;20;136;;;;;;;;;;16;;;;;;;;;;;1;;62;;;3;;;1;;4;;;;;;2;;;;;;;;;;1;;
321803;3435;;;;;;;21;1;;;;;;;;1;;;;5;;8;;;;1;;;;;1;;;;;;;;;;;20;;;;3;1;;;;;2;;1;;;;5;;;;;;15;;;6;;1;13;;;1;8;;;;;4;;;;4;;;;11;1;;;;1;;;;;;;;2;;;;;;;;;5;;2;;2;2;;8;;;;;;2;;;;;;;57;;;;;;;;;;;26;149;;;;;;;;;;10;1;;;;;;;;;;;;19;;;1;;;;;;;;;;3;;;2;;;1;;;;;;;
321804;3580;;;;;;;26;1;;;;;;;;;;;;;;2;;;;;;;;;;;;;;;;;;;;16;;;;1;;;;;;2;;;;;;;;;;;;3;;;5;;1;21;;1;;6;;;;;;;;1;;2;;;27;;;;1;6;;4;;;2;;;1;;;;;;;;;2;;8;;15;3;;8;;;;;1;;1;;;;;2;103;;;;1;3;;;;;;21;106;;;;1;;;;;;9;;;;;;1;;;;;1;;35;;;3;;;2;;1;;;;;4;;;2;;;;;;;;;;
321805;3724;;;;;;;14;;2;;;;;;;;;;;;;2;;;;1;;;;;1;;;;;;;;;;1;3;;;;1;2;;1;;;1;;;;;;;;;;;1;6;;;;;;16;;;;3;;;;;;;;;1;;;;5;;;;;;;;;1;7;;;;;;;;;;;;7;;;;9;2;;;;;;;1;;;;;;1;;29;;;;;;;;;;;18;62;;;;;;;;;;;;;;;1;;;;;;;2;50;;;;;;1;;;;;;;;;;;;;;;;;;;;
321806;3869;;;;;;;21;;3;;;;;;1;;;;;;;2;;;;;;;;;;2;;;;;;;;;;18;;;;;2;;;;;2;;;;;;;;;;;;4;;;7;;;14;;1;;6;;;1;;;;;1;1;;2;;12;1;1;;;3;;;;;;;;;;;;;;;;;2;;14;;9;2;;17;;;;;;;;;;;1;2;51;;;;;1;;;;;;19;55;;;;2;;;;;;11;1;;;;;;1;;1;;;;91;;;6;;;3;;5;;;1;;;;;1;;;;;;;;;;
321807;4014;;;;;;;35;;;;;1;1;;;;;;1;;;8;;;;;;;;;;1;;;;;;;;;;10;;;;;4;;;;;4;;;;;;9;;;;;;4;;;1;;7;19;;;;;;;;;;;;;;;;;46;;;;3;3;;;;;3;1;;;;;;;;;;;1;;2;;8;3;1;6;;1;;;2;;;;;;2;3;50;;;;2;;1;;;;2;26;84;;1;;;;;;;1;6;;;;;;;;;;1;;;60;;;;;;1;;3;;;;;3;;;6;;;;;2;;;1;;
321808;4159;;;;;;;25;;;;;;;;;;;;1;;;2;;;;;;;;;;;;;;;;1;;1;;10;;;;1;1;;;;;;;;;;;;;;;;;4;;;;;;25;;;;6;;;;;;;;;1;1;;;22;;1;;3;3;;;;;1;;;1;;;;;;;;;1;;5;;4;1;2;5;;;;;;;;;;;2;2;39;;;;1;1;1;;;;1;14;83;;;;3;1;;;;1;5;;;;;;2;;;;;;;134;;;1;;;1;;3;;;;;;;;2;;;3;;;;;1;1;
321809;4303;;;;;;;10;;1;;;;;;;;;;2;;;6;;;;;;;;;;1;;;;;;1;;;;9;;;;;1;;;;;;;;;;;3;;;;;;1;;;2;;;18;2;;;7;;;;;;;;;;;;;25;3;;;4;6;;;;;8;1;;2;;1;;1;;1;;;;;;;7;;1;3;;;;;2;;;;;;;5;34;;;;2;1;4;;;;;10;77;;1;;2;;;;;;7;;;;;;2;;;1;;1;;117;;1;;;;1;;1;;;;;2;;;5;;;;;;;;;;
321810;4448;;2;;;;;13;1;;;;;;;;;;;;;;6;;;;;;;;;;;;;;;;;;;;5;;;;;3;;;;;3;;;;;;2;;;;;;;;;2;;;36;;;;2;;;;;;;;;;;;;19;3;;;2;1;;;1;;1;;;;;;;;;;;;2;;5;;2;2;;4;;;;;1;;;;;;;;42;;;;3;;;;;;;8;61;;;;;1;;;;1;16;;;;;;;;;2;;;;194;;;;;;;1;4;;;;;1;;;2;;;1;;;;;3;;
321811;4593;;;;;;;7;5;;;;;1;;;;;;;;;4;;;;;;;;;;;;;;;;;;;2;6;;;;;1;;;;;2;;;;;;4;;;;1;;4;;;1;;;36;;;;15;;;;;1;;;;;1;2;;26;1;;;;2;;;;;1;1;;;;;;;;;;;3;;4;;5;3;4;18;;;;;3;;;;;;;;23;;;;;;;;;;;7;47;;;;5;;;;;;2;1;;;;;1;;;;;;;231;1;;1;;;;3;7;;;;;2;;;;;;;;;;;2;;
321812;4738;;;;;;;21;1;;;;;;;;;;;;;;3;;;;1;;;;;;;;;;;;;;;;12;;;;;2;;;;;3;;;;;;3;;;;;;;;;2;;2;35;;1;;2;;;;;;;;;;1;;;27;;;;4;2;;;;;;1;;1;;;;;;;;;2;;2;;10;1;1;11;;;;;;;;;;;;;41;;;;1;;;;;;;10;46;;;;;;;;;1;7;2;;;;;4;;;;;;;144;;;3;;;1;;1;;;;;3;;;1;;;1;;;;;;2;
321813;4882;;;;;;;17;1;;;;;;;;;;;;;;6;;;;;;;;;;;;;;;;;;1;;14;;;;;3;;;;;2;;;;;;13;;;;1;;2;;;;;7;49;;;;3;;;;;;;;;6;2;;;20;2;1;;;5;;;;;1;;3;;;;;;;;;;;;3;;12;1;1;5;;;;;;;7;;;;;;28;;;;1;1;;;;;;6;31;;;;1;;;;;;13;;;;;;3;1;;2;;;;138;;;3;;;1;;5;;;;;2;;;1;;;;;2;;;;1;
321814;5027;;;;;;;19;1;1;;;;;;2;;;;;;;4;;;;;;;;;;2;;;;;;4;;;;13;;;;;3;;;;;;;;;;;2;;;;;;1;;;1;;1;55;1;;;4;;;;;;;;1;;;;;22;4;;;9;2;;;;;2;;;;;;;;;;;;;;7;;2;1;5;7;;;;;;1;;;;;;1;26;;;;;;;;;;;9;51;;;;1;;;;;;10;1;;;;;1;;;1;;;;176;;;7;;;1;;8;;;;;2;;;;;;;;;;;;2;
321815;5172;;;;;;;37;;2;;;;;;;;;;;;;4;;;;2;;;;;;;;;;;;;;;;12;;;;1;;;;;;2;;;;;;39;;;;;;;;;;;;19;;;;7;;;;;;;;;;;;;13;1;;;;;;;;;;;1;1;;;;;;;;;1;;2;;4;;;;3;1;;;;;;;4;;;;23;;;;;;;;;;;13;22;;;;;;;;;;1;;;;;;;;;;;;;132;;;11;;;;;;;;;;;;;;;;;;;;;;3;
321816;5317;;1;;;;;20;3;;;;;1;;1;;;;;;1;7;;;;;;;;;;;;;;;;3;;;;8;;;;;1;;;;;1;;;;;;2;;;;;;3;;;1;;3;39;2;;;6;;;;;;;;;1;;1;;14;;;;3;2;;2;;;1;;;2;;;;;;;;;3;;3;;3;6;;6;;;;;;;;;;;;4;39;;;;;;;1;;;1;3;58;;;;3;;;;;2;8;;;;;;10;1;;2;;;;183;;;;;;1;;7;;;;;;;;4;;1;1;;;;;2;3;
321817;5461;;;;;;;10;1;;;;1;2;;;;;;;;;7;;;;3;;;;;;3;;;;;;;;;;10;;;;;1;;;;;3;;;;;;2;;;;;;3;;;1;;;42;5;;;4;;;;;;;;;1;;1;;19;;;;3;;;;;;2;;1;4;;;;;;;;;;;5;;6;3;;4;;;;;;;;;;;;2;21;;;;3;1;;;;;1;4;42;;4;1;1;1;;;;1;14;;;;;;4;;;;;;;137;;;;;;1;;11;;;;;;;;3;;;3;;;;;1;;
321818;5606;;2;;;;;21;2;1;;;;;;1;;;;;;;;;;;;;;;;;;;;;;;4;;;;8;;;;;;;;;;3;;;;;;7;;;;;;;;;1;;;35;;;;3;;;;;;;;1;2;;;;9;;;;2;2;;1;;;3;;;;;;;;;;;;7;;7;;6;2;;9;;2;;;1;;;;;;;5;34;;;;4;;;;;;1;12;20;;;;;;;;;1;4;;;;;;2;2;;1;;;;181;;;9;;;;;4;;;;;;;;4;;;1;;;;;1;;
321819;5751;;;;;;;15;3;;;;;1;;;;3;1;;;;3;;;;1;;;;;;;;;;;;;;;;10;;;;;;;;;;;;;;;;4;;;;;;3;;;1;;2;28;;;;4;;;;;;;;1;;;;;6;1;;;2;2;;;;;3;;;;;;;;;;;;;;3;;9;5;2;2;;;;;1;;;;;;;4;51;;;;1;1;;;;;1;3;42;;2;;7;;;;;;11;;;;;;2;;;;;;;120;;;2;;;;;7;;;1;;2;;;2;;;1;;;;;;;
321820;5925;;;;;;;21;2;;;;;;;2;1;;;;;;2;;;;;;;;;;1;;;;;;2;;;;10;;;;;;;;;;2;;;;;;1;;;;1;;5;;;1;;;27;1;;;11;;;;;;;;4;;;;;15;;;;;3;;;;;;;;1;;;;;;;;;1;;10;;2;2;;10;;;;;;;1;;;;;1;32;;;;;1;;;;;1;11;43;;;;2;;;;;;11;;;;;;5;1;;1;;1;;202;;;;;;1;;4;;;;;;;;5;;;;;3;;;1;2;
321821;6040;;1;;;;;28;3;;;;;1;;1;;;;;;;3;;;;1;;;;;;;;;;;;3;;3;;16;;;;;1;;;;1;;;;;;;;;;;;;6;;;4;;;47;1;;;11;2;1;;;;;;;;;2;;11;;;;4;;;;;;;;;;;;;2;;;;;;;3;;6;2;1;7;;;;;;2;;;;;;;17;;;;;;7;;;;;6;35;;1;;;1;;;;;9;;1;;;;9;;;;;;;207;;;2;;;1;1;1;;;;3;1;;;3;;;;;;3;;;2;
321822;6185;;;;;;;17;;1;;;;4;;2;2;;;;;;7;;;;;;;;;;;;;;;;2;;;;4;;;;;4;;;;;1;;;;;;5;;;;;;5;;;2;;1;47;;;;5;;;;;1;;;;;;;;8;;;;4;2;;2;;;;;;1;;;;;;;;;;;5;;4;3;;15;;;;;1;;2;;;;;2;24;;;;;;;;;;;;53;;1;;4;;;;;;12;;;;;;1;1;;1;;;;189;;;1;;;1;;;;;;;;;;1;;;;;;;;1;1;
321823;6319;;;;;;;32;2;2;;;;;;;;;;;7;;4;;;;1;;;;;;;;;;;;;;;1;11;;;;12;2;;;;;1;;;;1;;3;;;;;;2;;;4;;;52;;;;2;;;;;;;;;2;;;;9;1;1;;;1;;;;;1;;;;;;;;;;;;1;;1;;1;;;;;;;;;;;;;;;;43;;;;;;;;;;;10;50;;;;;;;;;;4;;;;15;;;;;;;;;143;;;;;;;;;;;2;;;;;2;;;;;;;;;1;
321824;6497;;;;;1;;17;1;1;;;;1;;;;;;;6;;;;;;;;;;;;1;;;;;;2;;1;;27;;;;;1;;;;;;;;;;;48;;;;;;2;;;;;;39;2;;;4;;;;1;;;;;1;;1;;;1;;;2;2;;3;;;1;;;1;;;;;;;;;4;;2;;5;3;2;19;;;;;1;5;;;;;;;45;;;1;;;;;;4;;9;51;;1;;;;;;;;6;;;;;5;1;;;;;1;;117;;;1;;;;;;;;2;;3;1;;4;;1;1;;;1;;;;
321825;6676;;;;;;;12;;;;;;;;;;;;1;;;5;;;;1;;;;;;2;;;;;;1;;;;18;;;;;;;;;;2;;;;;;5;;;;;;1;;;;;5;32;;;;7;;;;;;;;;2;;2;;15;1;;;;;;;;;2;;;3;;;;;;;;;1;;2;;7;3;2;;;;;;;;;;;;;3;54;;;;3;;;;;;1;4;61;;10;;1;2;;;;;7;;;;;;7;;;1;;;;117;;;;;;2;1;;;;1;;;;;1;;;1;;2;;;1;;
321826;6854;;;;;;;26;;1;;;;;;;;5;;1;;;2;;;;;;;;;;;;;;;;;;1;;16;;;;1;2;;;;;1;;;;;;5;;;;;;4;;;;;;22;;;;9;;;;;;;;;;1;;;14;2;;;1;1;;;;;2;;;;;;;2;;;;;7;;4;;9;12;2;12;;;;;1;;;;;;;;24;;;;;;;;;;;7;54;;3;;;;;;;1;11;;1;;;;9;;;;;;;159;;;1;1;;1;;7;;;;1;1;;;;;;6;;;;;;1;
321827;7032;;;;;;1;20;3;;;1;;;;;1;;;;;1;1;;;;1;;;;;;;;;;;;2;;;;15;;;;;2;;;;;1;;;;;;7;;;;;;2;;;;;7;29;;2;;9;;1;;;;;;;;;1;;2;1;;;;2;;;;;1;;;2;;;;;;;;;;;3;;11;6;;;;;;;1;;;;;;1;8;62;;;;;;;;;;;4;93;;2;1;;;;;;;7;;;;;;4;;;;;;;137;;1;1;;;1;;2;;;;;;;;6;;;;;;;;1;;
321828;7211;;;;;1;;22;;;;;;1;;4;;;;;2;;3;;;;;;;;;;2;;;;;;1;;;;16;;;;1;4;;;;;1;;;;;;24;;;;;;3;;;;;1;24;;;;8;;;;;;;;;1;;1;;9;1;;;2;;;;;;1;;;;;;;;;;;;;;2;;4;7;2;4;;;;;1;;;;1;;;3;51;;;;1;;;;;;;5;90;;;;;;;;;;8;;;;;;;;;1;;1;;74;;;4;;;5;3;;;;;;1;;;3;3;;;;1;;;1;;
321829;7389;;;;1;;;18;;2;;;;;;1;;1;;;;;7;;;;1;;;;;;;;;;;;1;;;;14;;;;;5;;;;;1;;;;;;10;;;;1;;2;;;;;2;14;2;;;11;;;;;;;;;;;1;;8;;;;1;1;;;;;;;;1;;;;;;;;;;;2;;8;3;;;;;;;2;;;;;;;1;61;;;;;;;;;;1;5;139;;6;;;;;;;;5;1;;;;;6;;;;;;;87;;;1;;;2;;2;;;;;2;;;4;1;;;;;;;;;
321830;7568;;;;;;;10;1;;;;1;1;;;;2;;;;;4;;;;1;;;;;;;;;;;;;;;;19;;;;;11;;;;;1;;;;;;1;;;;;;1;;;;;1;35;;;;8;;;;;;;;;;;1;;3;;;;;1;;;;;1;;;;;;;;;;1;;;;3;;12;1;1;3;;;;;1;;;;;;1;1;49;;;;1;1;;;;;;5;149;;;1;;1;;;;;12;;;;;1;4;1;;1;;;;81;;;1;;;1;;5;;;;;;;;1;;;;;1;;;;;
321831;7746;;;;;;1;13;;;;;;;;;;;;;;;7;;;;;;;;;;;;;;;;;;1;;10;;;;1;4;;;;;;;;;;;3;;;;;;3;;;;;;36;;;;6;;;;;;;;;;5;1;;4;2;;;1;2;;;;;2;;;;;;;;;;;;5;;;;13;2;2;9;;;;;;2;;;;;;;35;;;;;;;;;;;3;69;;;;;;;;;;7;;;;;;;;;;;;;141;;;1;;;1;;11;;2;1;;;;;3;;;;;;;;1;;
321832;7924;;1;;;;;18;1;;;;;1;;;;;;;;;2;;;;1;;;;1;;;;;;;;;;;;14;;;;;7;;;;;3;;;;;;12;;;;;;4;;;1;;;15;;;;14;;;;;;;;;;;2;;10;1;;;1;;;;;;2;;2;;;;;1;;;;;4;;6;;7;4;;6;;;;;;;;;;;;;35;;;;;1;;;;;;11;101;;;;;;;;;;5;;;;;;6;;;;;;;118;;;;;;;;7;;;;;;;;7;;;;;3;;;;;
321833;8095;;;;;1;2;17;;;;;;3;;;;;1;;9;;;;;1;2;;;;;;;;;;;;;;;1;6;;;;1;;;;;;1;;;;;;32;;;;;;2;;;1;;;19;;;;2;;;;;;;;;1;;;;;1;;;;1;;;;1;3;;;;;;;;;;;;1;;;;;1;2;;;;;;;1;;;;;;4;16;;;;;;;;;;3;5;43;;1;;;;;;;;4;;;;7;;;;;;;;;28;;;;;;;;;;;;;;;;2;;;;;;;;;;
321834;8195;;4;;;;;26;;;;;;;;2;;;;;5;;2;;;;;;;;;;;;;;;;;;;;8;;;;;;;;;;1;;;;;;27;;;;;;1;;;;;1;46;;;;;;;;;;;;;1;1;1;;10;;;;1;1;;;;;;;;;;;;;;;;;5;;5;;5;12;2;24;;;;;;;;;;;;5;22;;;;;;;;;;;8;42;;;;;;;;;;;;;;;;;;;;;1;;101;;;1;;;;;1;;;2;;1;;;5;;;;;;;;;2;
321835;8293;;1;;;;;18;2;1;;;;2;;1;;;;;;;4;;;;2;;;;;;;;;;;;;;;;12;;;;;2;;;;;;;;;;;3;;;;;;8;;;1;;;25;;;;8;;;;;;;;;;;1;;3;1;;;1;2;;;;;2;;;2;;;;;;;;;6;;3;;13;8;3;7;;;;;1;1;;;;;;4;33;;;;;;;;;;;11;109;;;;3;;;;;;10;;;;;;;;;;;;;195;;;1;;;2;;7;;;1;;3;;;10;;;;;;;;;;
321836;8392;;2;;;;;19;1;;;;;;;1;;;;;;;;;;;1;;;;;;2;;;;;;;;;;16;;;;;2;;;;;;;;;;;;;;;;;;;;;;2;28;;;;13;;;;;;;;;;;;;;1;;;;4;;;;;4;;;;;;;;;;;;;;;;15;5;;4;;;;;2;;;;;;;5;35;;;;2;1;;;;;;18;94;;;;;;;;;;21;;;;;1;13;;;;;;;92;;;;;;;;8;;;;;4;;;6;;;;;;4;;;;
321837;8491;;;;;;;17;2;1;;;;;;1;;;;1;;;8;;;;;;;;;;;;;;;;;;;;10;;;;;4;;;;;;;;;;;1;;;;;;;;;;;4;23;;;;12;;1;;;;;;;;;;;;;;;;;;;;;;;;;;;;;;;;;;;;;6;5;;3;;;;;;;;;;;;1;25;;;;;;;;;;;9;125;;;;;;;;;1;28;;;;;;4;;;;;;;66;;;1;;;2;;9;;;;;;;;;;;2;;;;;;;
321838;8590;;;;;;1;15;;2;;;;;;5;;;;;3;;5;;;;;;;;;;1;;;;;;;;;;16;;;;;1;;;;;1;;;;;;21;;;;;;3;;;;;;43;;;;9;;;;;;;;;2;;2;;;1;;1;;1;;;;;;;;;;;;;;;;;;;1;;9;3;;4;;;;;;;;;1;;;10;13;;;;;;;;;;;7;48;;3;;;;;;;;4;1;;;;;;2;;;;;;74;;;5;2;;;;8;;;;;;;;;;;1;;;;;;;
321839;8689;;;;;;;16;2;1;;;;;;3;;1;;;;1;6;;;;;;;;;;;;;;;;;;;2;4;;;;;2;;;;;;;;;;;2;;;;;;;;;1;;9;19;;;;7;;;;;;;;;;;;;;1;;;;2;;;;;3;;2;;;;;;;1;;;;;3;;11;11;;15;;;;;1;;;;;;;1;34;;;;1;1;;;;;;12;62;;;;;;;;;;18;;;;;;6;1;;;;;;127;;;4;;;;;18;;;;;1;;;;;;2;;1;;;;;
321840;8788;;2;;;;;13;;;;;;;;;;;;;;;10;;;;;;;;;;1;;;;;;1;;;;12;;;;;8;;;;;;;;;;;;;;;;;1;;1;;;2;17;;;;15;;;;;;;;;;;;;;2;;;;3;;;;;3;;;1;;;;;;;;;;;3;;10;7;3;18;;;;;;;;;;;;5;56;;;;3;1;;;;;;24;111;;;;;;;;;;11;;;;;;1;;;;;;;54;;;3;;;3;;16;;;1;;2;;;;;;3;;;;;;;
321841;8887;;1;;;;;10;;5;;;;;;;;;;;;;5;;;;;;;;;;;;;;;;;;2;;18;;;;;8;;;;;;;;;1;;2;;;;;;15;;;1;;1;38;;;;5;;;;;;;;;;1;1;;;;;;3;2;;;;;5;;;;;;;;;;;;3;;10;;7;6;2;20;;;;;;1;;;2;;;;27;;;;;;;;;;;17;57;;1;;;;;;;;13;1;;;;;4;;;;;;;122;;;12;;;2;;6;;;;;1;;;;;;;;3;;;;;
321842;8986;;;;;;;18;2;5;;;;;;;;;;1;;;6;;;;;;1;;;;;;;;;;1;;;;10;;;;;5;;;;;;;;;;;;;;;;;3;;;1;;;29;;;;14;;;;;;;;;;;;;2;1;1;;1;1;;;;;1;;;;;;;;;;;;1;;6;;19;9;;17;;;;;;;;;;;;;39;;;;2;1;;;;;;11;81;;1;;;1;;;;1;23;;;;;;24;;;;1;;;76;;;3;3;;1;;8;;;;;;;;1;;;;;1;;;;;
321843;9100;;;;;;;15;;2;;;;;;;;;1;;6;;4;;;;;;;;;;;;;;;;;;1;;5;;;;;3;;;;;1;;;;;;16;;;;;;7;;;2;;;25;;;;5;;;;;;;;;;2;;;;1;;;;6;;;;;1;1;1;;;;;;;;;;;;3;;5;4;2;2;;;;;;;;;;;;;39;;;;;;;;;;;9;58;;;;;;;;;;18;;;;2;;5;;;;;;;162;;;1;1;;;;6;;;;;;;;1;;;;;1;;;;;
321844;9348;;2;;;;;22;;;;;;;;1;;;;;2;;7;;;;;;;;;1;1;;;;;;;;;;7;;;;2;4;;;;;;;;;2;;20;;;;;;10;;;;;;17;;;;6;;;;;;;;;2;;;;;1;;;1;;;;;;;;3;;;;;;;;;;1;;5;;17;3;1;6;;;;;;;;;;;;10;68;;;;;;;;;;;13;47;;;;;;;;;;14;;;;1;1;;1;;;;;;82;;;3;;;;;;;;;;2;;;;;;2;;1;;;;;
321845;9596;;1;;;;;32;;6;;;;;;;;;;;;;8;;;;;;;;;;;;;;;;;;;;16;;;;1;2;;;;;;;;;2;;1;;;;;;2;;;;;;11;;;;5;;;;;;;;;;;1;;;3;;5;;1;;2;;;2;;;;;;;;;;;;3;;1;;11;7;;16;;;;;;;;;;;;;13;;;;;;;2;;;;31;76;;;;;;;;;;12;;;;;;;;;;;3;;142;;;;;;1;;5;;;3;;;;;;;;;;;;;;;
321846;9843;;1;;;;;20;;;;;;;;;;;;;;;5;;;;;;;;;;2;;;;;;;;;;5;;;;;3;;;;;;;;;;;1;;;;;;14;;;;;2;33;;;;12;;;;;;;;;;1;;;;3;;;3;2;;;;;;;1;;;;;;;;;;;;16;;4;3;1;17;;;;;;;;;2;;1;1;48;;;;;;;;;;;20;64;;;;;;;;;;15;1;;;;;3;;;;;;;89;;;10;;;;;1;;;;1;2;;1;;;;;;;;;;;
321847;10091;;1;;;;;17;2;2;;;;;;;;;;1;;;5;;;;;;;;;;;;;;;;;;1;;9;;;;;;;;;;2;;;;1;;;;;;;;3;;;1;;;21;;;;6;;;;;;;;;2;2;;;;;;;2;1;;;;;;;1;;;1;;;;1;;;5;;12;;3;12;;13;;;;;;;;;;1;;1;35;;;;;;;1;;;;17;59;;;;;;;;;;7;;;;;;13;1;;2;;;;106;;;8;;;;;3;;;;;4;;;1;;;2;;1;10;;;;
321848;10339;;8;;;;;21;1;1;;;;;;4;;;1;;11;;6;;;;;;;;;;;;;;;;;;;1;21;;;;3;7;;;;;;;;;;;23;;;;;;2;;;1;;;30;;;;27;;;;;1;1;;;;1;;;2;;;;2;1;;;;;5;;;1;;;;;;;;;4;;6;;12;2;;;;;;;;3;;;;;;1;32;;;;;;;;;;;38;30;;2;;;;;;;;11;;;;;1;;;;;;;;99;;;6;;;;;;;;;;;;;;;;1;;6;;;;;
321849;10587;;2;;;;;5;6;7;;;;;;3;;;;;;;19;;;;;;;;;;;;;;;;;;;;11;;;;;4;;;;;1;;;;;;6;;;;;;7;;;;;;54;;;;18;;;;;;;;;;1;;;;1;;;4;2;;;;;2;;;1;;;;;;;;;4;;6;;20;15;;8;;;;;;1;;;;;;;16;;;;5;1;;;;;;38;9;;;;;;;;;;9;;;;;;17;2;;;;;;90;;;2;5;;;;;;;1;;1;;;;;;;;;18;;;;
321850;10835;;;;;;;1;2;7;;;;;1;;;;;2;;;9;;;;;;;;;;;;;;;;;;;;11;;;;;5;;;;;1;;;;;;;;;;;;11;;;;;1;55;;;;6;;;;;;;;;;6;;;;3;;;3;1;;;;;3;;;1;;;;;;4;;;5;;4;;8;4;;1;;;;;1;1;;;;;;;12;;;;;;;;;;;38;12;;2;;3;;;;;;22;;;;;;12;;;;1;;;179;;;4;;;2;;2;;;;;;;;2;;;3;;;46;;1;;
321851;11083;;1;;;;;7;1;;;;;;;6;;;;;7;1;12;;;;;;;;;;1;1;;;;;;;;;9;;;;;1;;;;;;;;;;;11;;;;;;;;;1;;;29;;;;18;;;;;2;;;;;1;;;1;2;;;;2;;;;;2;;;1;;;;;;;;;2;;3;;6;1;;;;;;;;2;;;1;;;2;7;;;;;;;1;;;;41;4;;;;;;;;;;19;;;;4;;;;;;;;;51;;;7;;;;;;;;;;;;;;;;1;;;;;;;
321852;11331;;2;;;;;;2;7;;;;;;4;;;;1;;;24;;;;;;;;;;;;;;;;1;;;;9;;1;;;2;;;;;1;;;;;;5;;;;;;10;;;;;8;13;;;;9;;;;;;;;;;;1;;;6;;;3;;;;;;1;;;6;;;;;;;;;1;;16;;7;1;;9;;;;;;;1;;;;1;;3;;;;;;;;;;2;108;7;;;;;;;;;;39;;;;;;12;2;;;;;;82;;;4;;;;;5;1;;;;;;;;;;6;;1;;;;;
321853;11572;;5;;;;1;6;;9;;;;5;;;;;;;5;1;9;;;;;;;;;;;;;;;;;;;;6;;;;;2;;;;;1;;;;;;3;;;;;;18;;;;;1;7;;;;10;;;;;1;;;;1;;1;;1;5;;;3;1;;;;;3;;;10;;;;;;;;;3;;;;14;;;1;;;;;;;;;;;;4;6;;;;;;;;;;;84;4;;1;;1;;;;;;23;;;;21;;21;;;;;;;86;;;6;;;1;;2;;;;;;;;1;;;1;;;;;1;9;
321854;11757;;2;;;;;1;;8;;;;;;1;;1;;;9;;11;;;;;;;;;1;;;;;;;;;;;3;;;;;6;;;;;2;;;;;;5;;;;;;;;;;;;6;;;;5;;;;1;7;;;;;;1;;1;1;;;2;4;;;;;2;;;2;;;;;;;;;1;;;;7;1;;;;;;;;;;;1;;;4;;;;;;;;;;;;30;8;;;;;;;;;;3;1;;;1;3;2;1;;;;1;;13;;;3;;;;;;;;;2;;;;;;;;;;;;;2;
321855;11942;;7;;;;;1;2;7;;;;1;;1;;;;;5;;11;;;;;;;;;;1;;;;;;;;;;5;;;;;4;;;;;1;;;;;;7;;;;;;7;;;;;;10;;;;18;;;;;9;;;;;6;5;;;4;;;3;4;;;;;8;;;2;;;;;;;;;;;2;;3;;;;;;;;;1;;;;;;5;1;;;;;;;;;;;181;15;;;;;;;;;;11;2;;;5;;;;1;;1;2;;45;;;3;;;;;;;;;;;;;;;;;;3;;;;;
321856;12126;;;;;;;1;;14;;;;;1;;;;;;;1;5;;;;;;;;;;1;;;;;;;;;;3;;;;;6;;;;;11;;;;;;1;;;;1;;11;1;;;;8;7;;;;9;;;2;;6;;;;;2;5;;3;5;1;;3;;;;;;1;1;;;;;;1;;;;;2;;9;;14;;;;;;;1;;1;;;;;1;4;4;;;;;;;1;;;;160;19;;5;;;;;;;;30;;;;;;11;;;;;1;;52;;;10;;;;;8;2;;1;;;1;;1;;;;;;;;;;
321857;12311;;2;;;;;1;;11;;;;;;;;;;;;1;12;;;;;;;;;;;;;;;1;;;;;4;;;;;9;;;;2;2;;;;;;17;;;;;;3;2;;;;16;5;;;;11;;;5;;6;;;;;;;;5;1;;;2;;;;;;;2;2;;;;;;;;;;1;;4;;7;2;;;;1;;;;;;;;;1;1;;;;;;1;;;;;;166;30;;11;;1;;;;;;19;;;;;;5;2;;;;;;17;;;12;;;;;12;1;;2;;;;;;;1;1;;;;;;1;
321858;12495;;5;;;;;3;;7;;;;;;8;;;;;2;;8;;;;;;;;;;2;;;;;;;;;;12;;;;;6;;;;;3;;;;;;2;;;;;;3;;;1;;2;2;;;;11;;;2;1;2;;;;2;1;7;;4;1;;;1;;;;;;1;3;;1;1;;1;;;;;;2;;1;;8;1;;;;;;;;;;;;1;;4;4;;;;;;;;;2;;165;27;1;;;;;;;;;4;;;;;2;1;3;;;2;;;21;;1;11;;;;;1;;;;;;;;;;;1;;;;;;1;
321859;12680;;3;;;;;;1;7;;;;;;18;;1;;1;;;11;;;;;;;;;2;;;;;;;1;;;;19;;;;;4;;;;;6;;;;;;1;;;;;;5;;;;;8;7;;;;17;;;1;;;;;;;;1;;3;8;;;1;;;;;;1;;2;3;;1;;;;;;;;;3;;15;;;6;;2;;1;2;2;;;;;1;12;1;;;;;;;;;1;;112;10;;;;;;;;;;17;;1;;;;1;;;;;;;17;;;11;;;;;;1;;;1;;;;;;;2;;1;;;;;
321860;12864;;3;;;;1;;;;;;;;;5;;;;1;;;15;;;;;;;;;1;;;;;;;;;;;16;;;;;7;;;;;2;;;;;;1;;;;;;6;;;1;;15;3;;1;;16;;;1;;;;;;2;1;;;4;13;;;1;1;;;;;1;;;;;;;1;;4;;;7;;9;;9;3;;2;;3;;;;1;;;;;;;12;;;;;;;;;;1;157;10;;;;2;;;;;;13;;;;;;;;;;;1;;13;;;11;;;;;9;2;;;;;;;;;;2;;1;;;;;
321861;12957;;2;;;;;1;;5;;;;;;2;;;;2;;2;10;;;;;;;;;;1;;;;;;;;;;9;;;;;5;;;;;;;;;1;;;;;;;;1;;;;;3;3;;;;10;;;;;3;;;1;;;3;;1;6;;;2;1;;;;;5;1;;5;;;;;;;;;;;15;;9;3;2;2;;6;;;1;;1;;;2;;2;5;;;;2;;;;;;;90;18;;;;;;;;;;9;;;;;;4;2;;;;;;;;;18;;;;;10;1;;;;1;;;;;;2;;1;3;;;;
321862;13049;;2;;;;;4;;3;;;;;;4;;;;;3;;10;;;;1;;;;;;;;;;;;;;;;7;;;;;3;;;;;2;;;;;;;;;;;;2;;;;;1;2;;;;8;;;;;1;;;;1;;7;;3;5;;;2;3;;;;;;;;1;;;;;;;;;;;1;;8;;;2;;;;;;;;;1;;;3;3;;;;;;;1;;;;44;2;;;;;;;;;;;;;;;;;;;;;;;9;;;23;;;;;8;;;1;;;;;;;;3;;;;;;;
321863;13141;;1;1;;;;3;2;4;;;;1;;;1;;;;;4;13;;;;;;;;;;;;;;;;1;;;;5;;;;;4;;;;;1;;;;;;5;;;1;;1;;;;;;7;4;;;;;;;4;;3;;;1;;1;1;;2;3;;;1;1;;;;;4;;1;;;;;2;;;;;;;5;;2;3;;3;;1;;;;;;;;1;;1;2;;;;;;;1;;;;186;17;;;;6;;;;;;18;;;;;;1;4;;;;;;12;;;10;;;1;;;;;;;;;;;;1;3;;1;;;;;
321864;13233;;2;;;;;4;;8;;;;;;;;5;;;;;17;;;;;;;;;2;;;;;;;;;;;7;;;;1;1;;;;;3;;;;;;1;;;;;;7;;;1;;20;2;;;;;;;;;2;;;1;;;5;;5;3;;;2;;;;;;5;;;;;;;2;;;;;3;;3;;7;1;;6;;;;;;;;;;;;5;;;;;;;;1;;;2;128;6;;;;;;;;;;4;;;;;;1;;;;;;;58;;;7;;;1;;;;;;;;;;;;;3;;1;;;;;
321865;13326;;1;;;;;3;;9;;;;;;;3;;;;;;16;;;;;;;;;;;;;;;;;;;;9;;;;;3;;;;;6;;;;;;5;;;;;;2;;;;;4;3;;;;3;;;3;;6;;;1;;;1;;3;5;;;;2;;;;;3;;;1;;;;;;;;;;;2;;4;3;;;;4;;;;;;;;;;;;;;;1;;;;;;;184;33;;2;;;;;;;;7;1;;;;;2;1;;;;;;32;;;10;;;;;4;;;;;2;1;;;;;;;;;;;;
321866;13606;;;;;;;3;;1;;;;;;;;;;;;;11;;;1;;;;1;;2;;;;;;;;;;;;;;;;1;;;;;1;;;;;;1;;;;;;2;;;;;;1;;;;3;;;4;;;;;;;;;;3;4;;;;;;;;;5;;1;1;;;;;;;;;4;;3;;3;;;;;9;;;;;;;;;;3;7;;;;;1;;;;;;103;11;;;;;;;;;;1;1;;;;;;;1;;;;;23;;;9;;;;;;;;;;;1;;;;;3;;;;;1;;
321867;13722;;;;;;;9;1;4;;;;;;;;1;;;;;9;;;;;;;;;;;;;;;;;;;;3;;;;;;;;;;;;;;;;2;;;;;1;4;;;2;;2;10;;;;4;;;;;5;;;;3;;4;;14;4;;;;2;;;;;;;;;;;;1;;;;;;;3;;3;;;2;;6;;;;1;;;;;;;10;;;;2;;;;;;2;121;26;;;;1;;;;;;3;;;;;;7;;;;;;;42;;;;;;;;;1;;1;;2;;;;;1;;;;;;;;
321868;13842;;;;;;;5;1;11;;;;;;;;;;;;1;13;;1;;;;;;;;;;;;;;1;;;;10;;;;;1;;;;;3;;;;;;5;;;;;;1;2;;;;20;2;;;;8;;;;;8;;;1;;;7;;21;9;;;;;;;;;7;;;;;3;;3;;;;;5;;1;;7;;;2;;;;;;;;;;8;;;5;;;;;1;;;;;1;130;3;;1;;;;;;;;2;;;;;;;;;;;;;68;;;11;;;1;2;;4;;3;;;1;;;;;2;;;4;;;;
321869;13985;;3;;;;;1;;3;;;;;;4;;;;;;1;4;;;;;;;;;3;;;;;;;;;;;12;;;;;2;;;;;;;;;;;4;;;;;;2;;;1;;16;3;1;1;;;;;1;;2;;;;;1;;;16;1;;;;2;;;;;2;;;;;;;;;;;;;;9;;4;;;3;;4;;;2;;;;;;;1;7;;;;;;;1;;;;145;10;;3;;5;;;;;;1;1;;;;;1;1;;;;1;;51;;;10;;;;;;;;1;;;;;;;;;;;8;;;;
321870;14081;;;;;;;2;;2;;;;;;6;;;;2;;;20;;;;;;;;;2;;;;;;;;;;;19;;;;;;;;;;1;;;;;;;;;;;;7;;;;;8;7;3;1;;32;;;2;;;;;;;;1;;15;11;;;;;;;;;1;;;;;;;;;;;;2;;14;;10;1;;4;;2;;;;1;;;;2;;;2;;;;;;;;;;;135;8;;6;;;;;;;;2;;;;;;1;;;;;;;38;;;6;;;;;6;1;;;;;;1;;;;12;;1;;;;;1
321871;14201;;;;;;;;;5;;;;;;;2;1;;;;2;14;;;;;;;;;1;3;;;;;;;;;;5;;;;1;1;;;;;2;;;;;;12;;;;;;1;;;;;9;;;;;3;;;1;;4;;;;;;2;;5;;;;;3;;;;;4;;;;;;;;;;;;1;;;;2;;;6;;;;;1;;;;1;8;;;;;;;;2;;;;;;180;5;;;;;;;;;;;;;;;;;;;;;2;;39;;;4;;;;1;8;1;;;;;;;2;;2;;;;;;;;
321872;14320;;4;;;;;5;;8;;;;;;;;1;;1;;1;12;;1;;;;;;;;;;;;;;;;;;1;;;;;3;;;;1;1;;;;;;4;;;;;1;1;;;;;6;2;;;;3;;;;;7;;;1;;1;2;;;5;;;;4;;;;;6;1;;1;;4;;;;;;;;;;;4;1;;;;1;;;;;;;;55;;;;;;;;1;;3;;;;222;3;;1;;;;;;;;;;;;;;;;;;;;;10;;;4;;;1;;3;1;;1;;;;;1;;;;;2;;;;;
321873;14464;;2;;;;;;;13;;;;;;;1;1;;;;2;12;;;;;;;;;;;;;;;;1;;;;4;;;;;1;;;;;13;;;;;;;;;;;;1;;;;;1;3;;;;1;;;;;;;;2;;;;;;6;;;;;;;;;9;1;;;;;;;;;;;;;1;;3;;;1;;1;;;;;;;;53;;;2;;;;;;;;;;;192;7;;1;;;;;;;;;;;;;;;;;;;3;;;;;5;;;2;;1;;;3;;;;;;;;;;;;;;;
321874;14650;;;;;;;;1;23;;;;;;5;1;1;;;;;5;;;;;;;;;;;;;;;;2;;;;14;;;;;;;;;;4;;;;;;;;;;;;1;;;;;;4;;;;4;;;;;5;;;;;;3;;;1;;;;;;;;;;1;;;;;;;;;;;2;;2;;2;1;;1;;;;;;;;;;46;;1;;;;;;;;;;;;237;3;;;;;;;;;;;;;;;;;1;;;;1;;7;;;3;;;;;1;;;10;;;;;;;;;;1;;;;;
321875;14703;;;;;;;1;2;16;;;;;;1;;;;;;1;19;;;;;;;1;;1;1;;;;;;1;;;;;;;;;8;;;;;4;;;;;;2;;;;;;;;;1;;;4;;;;2;;;2;;9;;;2;;;1;;;2;;;;;;;;;;5;;;;;;;;;;;;;;;;;;;;1;;;;1;;;;76;;;1;;;;;;;;;;;312;4;;;;2;;;;;;;;;;;;1;1;;1;;;;2;;;5;;;;;;;;6;;;;;;;1;1;;;;;;;
321876;14799;;1;;;;;1;;20;;;;;;;;1;;;;2;4;;;;2;;;;;;;;;;;;2;;;;2;;;;;4;;;;;4;;;;;;;;;;;;2;;;;;2;2;;1;;6;;;2;;5;;;;;;1;;;1;;;;;;;;;1;1;;;;;;;;;;;3;;2;;1;;;;;;;;;;;;;78;;;1;;;;;;;;;;;272;3;;1;;;;;;;;;;;;;;;;;;;1;;4;;;10;;;;;2;;;5;;;;;;;1;;;;;;;;
321877;14900;;1;;;;;1;2;20;;;;;1;1;;;;;;2;12;;;;;;;;;;1;;;;;;;;;;3;;;;;3;;;;;7;;;;;1;;;;;1;;1;;;;;2;2;1;;;1;;;1;;3;;;2;;;1;;;2;;;;;;;;;3;1;1;;;4;;;;;;;;;1;;2;1;;2;;2;;;1;;;;;63;;1;;;;;;;;;;;;229;2;;;;;;;;;;1;;;;;;;2;;;;;;3;;;7;;;;;;1;;4;;;;;;;;;;;;;;;
321878;15497;;;;;;;2;2;25;;;;;;;;;;;;;15;;;;;;;;;;;;;;;;1;;;;3;;;;;3;;;;;9;1;;;1;;1;;;;;;;;;;;;;;;;6;;;;;7;;;;;;;;;4;;;;1;;;;;1;2;;;;;;1;;;;;;;;;1;;;;;5;;;;;;;;44;;;;;;;;;;;;;;244;1;;;;;;;;;;;;;;;;2;;;;;3;;1;;;4;;;;;;2;;8;;;;;;;;;;;3;;;;
321879;15707;;;;;;1;2;1;21;;;;;;;;1;;;;;13;;;;;;;;;;;;;;;;2;;;;;;;;;9;;;;;10;;;;;;;;;;1;;;;;;;;;;;;1;;;;;6;;;;;;2;;;2;;;;;;;;;1;1;;;;;;;;;;;;;3;;;1;;1;;;;;;;;;;14;;;1;;;;;;;;;;1;277;2;;1;;;1;;;;;;;;;;;;1;;;;3;;3;;;5;;;1;;;;;4;;;1;;;;;;;;;;;;
321880;15916;1;;;;;;;;23;;;;;;1;;2;;;;;16;;;;;;;;;;;;;;;;;;;;4;;;;;7;;;;;11;1;;;;;;;;;2;;;;;;;;;;;;7;;;;;6;;;2;;;;;;2;;;;;;;;;;5;;;;;;;;;;;;;2;;;2;;2;;2;;;1;;;;;7;1;1;1;;;;;;;;;;;273;4;;2;;;;;;;;;;;;;;;1;;;;1;;;;;1;;;;;;;;6;;;;;;;;;;;1;;1;;
321881;16155;;1;;;;;3;;13;;;;;;;1;;;;;;20;;;;;;;;2;;;;;;;;;;;;9;;;;;11;;;;;4;2;;;;2;1;;;;1;;1;;;4;;4;5;;;;3;;;;;7;;;1;1;;2;;2;4;;;;;;;;;;;;1;;;;1;;;;;;;;;2;2;;;;;;;;;;;;12;;2;6;;;;;;;;;;;226;15;;;;4;;;;;;3;1;;;;;2;1;;;;1;;;;;8;;;;;;;;;;;;;;;1;;;;;;;;
321882;16235;;1;;;;;1;;20;;;;;;;;1;;;;1;2;;;;;;;;5;;;;;;;;2;;;;10;;;;;4;;;;;2;;;;;1;1;;;;;;2;;;6;;;9;;;;6;;;3;;6;;;1;3;;;;;1;;;;;;;;;;;;;;;;4;;;;;8;;1;;1;1;;;;1;;;;;;;;12;;;;1;;;;;;;;;;380;3;;;;;;;;;;1;;;;;;1;2;;;;;;4;;;7;;;;;;;;;;;;;;;1;;;;;;;;
321883;16378;;;;;;;;1;28;;;;;;;;3;;;;3;19;;;;;;;;;;;;;;;;4;;;;5;;;;3;9;;;;;9;1;;1;;;;;;;;;1;;;4;;;1;;;2;3;;;;;1;;;4;;;;;;1;;;;;;;;;;2;;;;;;;;;;;;;;;;;;1;;1;;;;;;;;6;;4;2;;;;;;;;;;;289;8;;;;;;;;;;;1;;;;;;3;;;;3;;2;;;8;;;;;;3;;;;;;;;;;;;;;;;;
321884;16476;;;;;;;;1;20;;;;;;4;;2;;;;1;3;;;;;;;;;;;;;;;;;;;;13;;;;;3;;;;;4;;;;;;;;;;;;9;;;2;;;8;;;;6;;;;;2;;;;;;;;;1;;;;;;;;;4;;;;;;;;;;;;8;;;;2;;;;;;;;;;;;;2;;;;;;;;;;;;;;241;10;;;;;;;;;;2;;;;;;;1;;;;;;1;;;15;;;1;;;;;;;;;;1;;;1;;;;;;;
321885;16594;;;;;;;;;27;;;;;;1;;3;;;;6;26;;;;;;;;1;;;;;;;;1;;;;3;;;;1;7;;;;;4;;;;;1;;;;;;;1;;;1;;;1;;;;3;;;1;;4;;;;1;;1;;;;;;;;;;;;;;2;;;1;;3;;;;;;;;;3;;;;;;;;;;;;;15;;;1;;;;;;;;;;;385;5;;;;;;;;;;;;;;;;;8;;;;;;1;;;10;;;;;;;;;;;;;;;;;1;;;;;;
321886;16713;;;;;;;1;;39;;;;;;1;;;;;;;27;;;;;;;1;1;;;;;;;;;;;;6;;;1;;11;;;;;4;2;;;;;;;;;;;1;;;5;;;5;;1;1;1;;;;;2;;;;;2;1;;1;2;;;;;;;;;2;2;;;;3;;6;;;;;8;;;;4;;;;;;;;;;;;;9;;3;;;;;;;;;;;;265;4;;;;1;;;;;;1;;;;;;2;9;;;;;;;;;8;;;;;;;;;1;;;;;;1;1;;;2;;4;;
321887;16857;;;;;;;2;;28;;;;;;;;7;;;;2;17;;;;;;;;;;;;;;;;3;;;;4;;;;;10;;;;;4;;;1;;;;;;1;;;1;;;3;;;8;;1;;;;;;;1;;;1;;;1;;;1;;;;;;;;;4;3;;;;;;3;;;;;;;;;1;;;1;;;;;;1;;;1;6;;7;1;;;;;;;;;;;264;5;;;;;;;;;;;;;;;;3;7;;;;2;;2;;;6;;;;;;;;;;;;;;;;;;;;;2;;
321888;16953;;;;;;;;1;29;;;;1;;;;3;;;;1;19;;;;;;;;;;;;;;;;;;;;4;;;;;4;;;;;3;;;;;;;;;;;;4;;;;;;4;;;;4;;;;;1;;;1;;;;;;4;;;;;;;;;1;;;;;3;;;;;;;13;;;;3;;;;;;;;;;;;;4;;1;;;;;;;;;;;;252;8;;;;;;;;;;3;;1;;;;;7;;;;1;;;;;12;;;;;;;;;;;;;;;;;;;;;;;
321889;17096;;;;;;;;1;20;;;;;;;2;3;;;;7;21;;;;2;;;;;1;;;;;;;;;;;;;;;;8;;;;;8;;;;;1;1;;;;;;;;;1;;;2;;1;;1;;;1;;2;;;3;;;;;;3;;;;;;1;;;;4;;;;1;;2;;;;;;;;;1;;;;;;;;;;;;;5;;;;;;;;;;3;;;;239;7;;1;;1;;;;;1;2;;;;;;;4;;;;;;2;;;23;;;;;;1;;1;;;;1;;;;1;;;2;;;;
321890;17192;;1;;;;;1;1;20;;;;;;;;1;;;;;14;;;;;;;;;;;;;;;;;;;;6;;;;;5;;;;;8;1;;;;;1;;;;;;11;;;1;;;;;;;4;;;;;;;;;;;1;;;2;;;;1;;;;;5;2;;1;;;;;;;;;14;;;;6;;;1;;;;;;;;;;;;4;1;;;;;;;;;;;306;10;;;;;;;;;;3;;;;;;1;4;;;;;;2;;;6;;;;;;;;;;;;;;;;;;;;;;;
321891;17219;;;;;;;;;11;;;;1;;;;;;;;;11;;;;;;;;;;;;;;;1;2;1;;;2;;;;;6;;;;;3;;;;;;;;1;;;;3;;;1;;;1;;;;4;;;;;1;;;;;1;;;;;;;;;;;;;;2;;;;;;1;;;;;;;;;;;;1;;1;;;;;;;;;;1;;;;;;;;1;;;;224;5;;;;1;;;;;;;;;;;;;;;;;2;;;;;3;;;;;;;;;;;;;;;;1;;;1;;;;
321892;17432;;;;;;1;;;15;;;;;;;;;;;;;9;;;;;;;;;;;;;;;;5;;;;3;;;;;7;;;;;3;;;;;;1;;;;;;2;;;1;;;;;;;3;;;1;;;;;;;1;;;;1;1;;;;;;;;;;;;;;;;;;;;;;;;;;;1;;;;;;;;;;5;;2;1;;;;;;;;;;;182;6;;;;;;;;;;1;;;;;1;2;1;;;;;;;;;3;;;;;;;;;;;;;;;;1;;;;;;1;
321893;17645;;;;;;;2;1;15;;;;;;3;;1;;;;;10;;;;;;;1;;1;;;;;;;1;2;;;5;1;;;2;4;;;;;2;;;;;;;;;;;;4;1;;2;;;10;;;;2;;;3;;;;;;;;;;;3;;;2;;;;;;;1;2;;;;;;;;;;;;5;;2;3;;3;;;;;;;;;;3;;7;19;;;;;;;;;;;256;12;;;;4;;;;;;1;1;;;;;8;2;;;;2;;28;;;4;;;;2;;1;;1;;;;;1;;;;;1;;;;;
321894;17858;;1;;;;;2;;13;;;;;;;;4;;;;2;7;;;;;1;;;;;;;;;;;;6;;;5;;;;;2;;;;;3;;;;;;1;;;;;;4;;;4;;;1;;;;;;;;;3;;;;;1;;;;6;;;;;;;;;1;1;;;;;;;;;;;2;;1;1;1;3;;1;;1;;;;;;;;1;;2;5;;;;;1;;;;;;185;7;;;;2;;;;;;4;;;;;;7;;;;;;;4;;;2;;;;1;;1;;;;;;;;;;3;;;1;;;;
321895;18071;;;;;;1;;2;10;;;;;1;1;;1;;3;;2;4;;;;;;;;;;;;;;;;2;;;;6;;;;;2;;;;;4;;;;;;;;;;1;;9;;;4;;;;;;;;;;1;;1;;;;;1;1;;;1;;;;;;;;;;;;;;;;4;;;;;2;;;;1;;;;;;;;;;;;;1;;8;;;;;;;;;;;;168;10;;;;4;;;;;;3;1;;;;;7;;;;;;;;;;6;;;;;;1;;;;;;;;;;6;;;;;;;
321896;18167;;;;;;;;;15;;;;;12;;;3;;;;2;41;;;;1;;;;;;;;;;;;;;;;1;1;;;;;;;;;;;;;;;;;;;;;3;1;;1;;;2;;1;;1;;;;;;;;;;;;;;;;;;1;;;;;;1;;;;;;;;;;;1;;;;1;1;;;;;;;1;;;;;3;;14;1;;;;;;;;;;;99;7;;;;1;;;;;;;1;;;;;2;1;;;;;;;;;14;;;;;;;;;;;;;;;;2;;;3;;;;
321897;18437;;;;;;;;;4;;;;;18;;;1;1;;;;52;;;;;;;;;;;;;;;;1;;;;3;;;;;5;;;;;1;;;;;;;;;;;;9;;;8;;;2;;;;1;;;;;;;;;;1;2;;;1;;;;2;;;;;;;1;;;;;4;;;;;;;;;1;;;;;;;;;;;;;;;6;;;;;;;;;;;;104;3;;;;1;;;;;;1;;;;;;2;;;;;;;1;;;6;;;;;;;;;;;;;;;;;;;;;;;
321898;18590;;;;;;;1;2;10;;;;;;;;;;;;1;17;;;;;;;;;;;;;;;;;;;;2;;;;;3;;;;;2;;;;;1;;;1;;;;5;;;2;;;;;;;;;;;;;;;;;1;1;;;3;;;;;;;;;;1;;;;;;5;;;;;1;;1;;3;;;;;2;;;;;;;;;;7;1;;;;;;;;;;;159;6;;;;;;;;;;2;;;;;;1;2;;;;;;4;;;9;;;;;;;1;;;;;;5;;;1;;;2;;;;
321899;18743;;;;;;;;;9;;;;;;;;1;;;;1;18;;;;;;;;;;;;;;;;;;;;;;;;1;;;;;;3;;;;;;;;;;;;11;;;6;;;1;;;;;;;;;;;1;;;;;;;2;;;;;;;;;;1;;;;;;;;;;;;;1;;;1;;;;;;;;;;;;3;;14;;;;;;;;;;;;161;9;;;;;;;;;;;;;;;;;1;1;;;;;1;;;8;;;;;;;1;;;;;;3;;;;;;2;;;;
321900;18896;;;;;;;1;;9;;;;;;;;1;;;;;62;;;;1;;;;1;;1;;;;;;;;;;1;;;;;1;;;;;3;;;;;;;;;;;;10;;;4;;;1;;;;;;;3;;;;;;;;;;;1;1;;;;;;;;5;;;;;;;;;;;;;;;;2;;;;;;;;;;;;;1;;23;;;;;;;;;;;;100;3;;;;;;;;;;;;;;;;1;;;;;1;;;;;2;;;1;;;;;;;;;;3;;;;;;;;;;
321901;19049;;;;;;;1;;7;;;;;1;;;1;;;;;73;;;;;;;;1;;;;;;;;;;;;;;;;;2;;;;;;;;;;;;;;;;;5;;;4;;;2;;;;;;;;;;;;;;;;;;3;;;;;;;;;10;1;;;;;;;;;;;1;;1;;;;;;;;;;;;;;;7;;6;;;;;;;;;;;;83;8;;;;1;;;;;;3;;;;;;1;;;;;;;;;;1;;;;;;;;;;;;;5;;;;;;1;;;2;
321902;19226;;;;;;;;1;12;;;;;;;;3;;;;;32;;;;;;;;;;;;;;;;;;;;4;;;;;4;;;;;1;;;;;;1;;;;;;9;;;10;;;;;;;;;;1;;;;;;;1;;;;4;;;;;;;;;2;1;;;;;;;;;;;4;;;;1;;;1;;1;;;;;;;;5;;6;;;;;1;;;;;;;193;18;;;;;;;;;;1;;;;;;6;2;;;;;;1;;;12;;;;;;1;;;;;;;;;;4;;;;;;;
321903;19402;;;;;;;1;;5;;;;;;;;1;2;;;;51;;;;;;;;;;;;;;;;;;;;1;;;;;1;;;;;4;;;2;;;1;;;;;;10;;;6;;;1;;;;;;;;;2;;;;;1;;;;;;;;;;;;;;2;;;;;;;;;;;;;;;3;;;;;;;;;;;;;1;;7;;;;;;;;;;;;99;5;;;;3;;;;;;;;;;;;5;1;;;1;;;;;;5;;;2;;;;;;;;;;;;;;;;;;;;
321904;19579;;;;;;;2;;19;;;;;;1;1;2;1;;;;28;;;;;;;;;;;;;;;;;;;;3;1;;;;;;;;;5;;;;;;;;;;;;11;;;9;;;;1;;;;;;;;1;;;;;;1;;;4;;;;;;;;;;1;;;;;;1;;;;;;;;;2;;;;;;;;;;;;;7;;15;1;;;;;;;;;;;245;9;;;;;;;;;;3;;;;;;6;3;;;;;;;;;11;;;;;;;;;;;;;;;;2;;;;;;;
321905;19756;;;;;;;;1;16;;;;;;;;3;1;;;;27;;;;;;;;;;;;;;;;1;;;;1;;;;;2;;;;;6;;;;;;1;;;;;;9;;;9;;1;2;2;;;;;;1;;;;;;;1;;;1;3;;;;;;;;;2;;;;;;;;;;;;;;;;1;;;1;;;;;;;;;;2;;22;;;;;;;;;;;;258;10;;;;;;;;;;2;;;;;;3;;;;;;;1;;;12;;;;;;1;;;;;;;;;;;;;;;;;
321906;19932;;1;;;;;;4;16;;;;;;;;2;;;;1;43;;;;;;;;;;;;;;;;;;;;3;;;;;5;;;;;3;;;;;;;;;;;;3;;;1;;;3;3;;;;;;1;;;;;;;;;;;6;1;;1;;;;;;8;1;;;;;;2;;;;;;;4;;2;;;;;;;;;;;;;4;;12;;;;;1;;;;;;;249;16;;;;;;1;;;;1;;;;;;;2;;;;;;;;;12;;;1;;;;2;;;;;;;;1;;;;;;;;
321907;20109;;;1;;;;;2;17;;;;;;;1;2;;;;2;24;;;;;;;;;1;;;;;;;;;;;2;;;;;2;;;;;1;;;;;;;;;;;;13;;;1;;;1;;;;;;;;;;;;;;;;;;7;;;;;;;;;2;;1;;;;;;;;;;1;;1;;1;;;;;2;;;;;;;;1;;18;2;;;;;;;;;;;278;11;;;;;;;;;;1;;;;;;;3;;;;;;;;;9;;;;;;;;;;;;;;;;;;;;;;;
